{"version":"6","id":"clu75ahkf001xmhxm1dm7993f","name":"Meu typebot","events":[{"id":"y7wy86gzduhh8la4weytj6py","outgoingEdgeId":"htrdhvr834v8itbhf3qs0wjk","graphCoordinates":{"x":0,"y":0},"type":"start"}],"groups":[{"id":"ywsrsgeon1pynhtdssdjozpd","title":"Group #1","graphCoordinates":{"x":3,"y":88},"blocks":[{"id":"uhcalk3vgxk9l249f2ku4723","outgoingEdgeId":"cj8id49l1nsr0qa92pwghptv","type":"text","content":{"richText":[{"type":"p","children":[{"text":"Gaby entrou na conversa..."}]}]}}]},{"id":"calr6hwj3q1nthh334h9v4j5","title":"Group #2","graphCoordinates":{"x":3,"y":320},"blocks":[{"id":"tc88ia38e3mdees06wuigoh9","outgoingEdgeId":"zbln8ftikpxnt5hzhl8h9zrz","type":"text","content":{"richText":[{"type":"p","children":[{"text":"Olá. Sou a Gaby e vou te ajudar."}]}]}}]},{"id":"umfj3inccmyems7fowmjvyi2","title":"Group #3","graphCoordinates":{"x":395,"y":155},"blocks":[{"id":"dszdc61j0dbsiok842p0mhtx","outgoingEdgeId":"lmex786b8ub376ufhut87la8","type":"Wait","options":{"secondsToWaitFor":"3"}}]},{"id":"hb4o49k4k11gam0437cthxu1","title":"Group #4","graphCoordinates":{"x":424,"y":342},"blocks":[{"id":"pu1vrlgpwz3u1jww7z0m1338","outgoingEdgeId":"slokkpamauc1r7c13jfnjgm2","type":"Wait","options":{"secondsToWaitFor":"2"}}]},{"id":"iw986ij6rhcf3i2ca96sdr54","title":"Group #5","graphCoordinates":{"x":6,"y":563},"blocks":[{"id":"ekh99arg3w3gatvd9hotx7n5","outgoingEdgeId":"rdc3la3u0hp0aopkjmqgn45h","type":"text","content":{"richText":[{"type":"p","children":[{"text":"Qual é seu nome?"}]}]}}]},{"id":"zizrbnakevr9zyx3p2t1bbcf","title":"Group #6","graphCoordinates":{"x":401,"y":630},"blocks":[{"id":"vqj91292na9jstx9mavcx6ka","outgoingEdgeId":"lebutyqsg3818me3og0pvgf5","type":"text input","options":{"labels":{"placeholder":"Qual é seu nome?","button":"enviar"},"variableId":"vhxz8iurfzi1zfqiowe98nqq2"}}]},{"id":"yx1pznnvbdtpsupax6dj3eht","title":"Group #7","graphCoordinates":{"x":0,"y":835},"blocks":[{"id":"er77lca09lz1mn2b1bm3g8c4","outgoingEdgeId":"eqwo9f5ib11pfidsaswbdlnn","type":"Wait","options":{"secondsToWaitFor":"3"}}]},{"id":"cydrw12q3h2u2cqb52r3qlp2","title":"Group #8","graphCoordinates":{"x":397,"y":833},"blocks":[{"id":"zjp7v1417m05it51atwlb0p8","outgoingEdgeId":"ax7bj9nzlj5t8aw1va0ooyqm","type":"text","content":{"richText":[{"type":"p","children":[{"text":"Olá, {{Nome}}. Você quer falar sobre qual assunto?"}]}]}}]},{"id":"e9tivzzaiiy8m2qnwgd1xeas","title":"Group #9","graphCoordinates":{"x":1.2,"y":1087.84},"blocks":[{"id":"j51z75nvyro1ojgnxt2kxbrz","type":"choice input","items":[{"id":"kchbxgjx3fzmd93yxzjiv4ua","outgoingEdgeId":"a62mefe61zy8yudnb2oe4t6n","content":"Comprar livro"},{"id":"wahjm992cg62iry670ds134f","outgoingEdgeId":"yy950x2cce9e9fsg6oa2pzdx","content":"Indicações"}],"options":{"variableId":"vaxqmbl6xml72sapn1u84ukny"}}]},{"id":"zg5jr7h3s80mi9w81zlraaa6","title":"Group #10","graphCoordinates":{"x":435,"y":1069},"blocks":[{"id":"t1k0ymrqyg8felsvft0c2pa5","outgoingEdgeId":"qvk8zo5sydodvrvj8pputcaj","type":"Wait","options":{"secondsToWaitFor":"3"}}]},{"id":"l42kmtuc8t2uqjx49qhrz34l","title":"Group #11","graphCoordinates":{"x":-1163.6,"y":1747.17},"blocks":[{"id":"p2wi9halqokrwae7q3c06yu3","outgoingEdgeId":"bjgwsx2wioqse603iknmjjw4","type":"Wait","options":{"secondsToWaitFor":"3"}}]},{"id":"i3dbbbk4mg504vzupiy7l6nl","title":"Group #13","graphCoordinates":{"x":825,"y":1067},"blocks":[{"id":"rwyba0kafoncktkki5go0em1","outgoingEdgeId":"k4rz4yv6zkqtyo0zpnz0pyfq","type":"text","content":{"richText":[{"type":"p","children":[{"text":"Escolha um genero."}]}]}}]},{"id":"suj6z8i1ohlr8ke6ayhi3cph","title":"Group #14","graphCoordinates":{"x":1183,"y":1065},"blocks":[{"id":"kviaksg4uxgeceg4w6sxl90o","outgoingEdgeId":"omb3d9bpt0fmcwhrnrv849dz","type":"Wait","options":{"secondsToWaitFor":"3"}}]},{"id":"kn0oasalepqjd6wsk2vh0gz8","title":"Group #15","graphCoordinates":{"x":1540.44,"y":1059.92},"blocks":[{"id":"y4ynfx51v5pmcvd35c48oh4a","type":"choice input","items":[{"id":"nyms4h7d6nnxpzqt74zu0hyb","outgoingEdgeId":"j0263acfdgw8pvnmwp50txgu","content":"Romance"},{"id":"h641ly1mmtlexw1zjk3sarrx","outgoingEdgeId":"hgvqplmkwuj0dt8efj4xh6kv","content":"Terror"},{"id":"nxy3e4xxgeqczhxzht2wuoij","outgoingEdgeId":"rfd0m1lx6ifpruqn7f7hqr9k","content":"Suspense"}]}]},{"id":"wm6gftkvgyazljrl6zklae4f","title":"Group #15","graphCoordinates":{"x":1105.86,"y":2502.81},"blocks":[{"id":"p7y7lr7pphg8a9e9iq16a6hl","outgoingEdgeId":"duyvhk4dbk0nldb99uqdsuwz","type":"Wait","options":{"secondsToWaitFor":"3"}}]},{"id":"nhaqpoew1lp6ieuxegb0rs4q","title":"Group #16","graphCoordinates":{"x":1957.8,"y":1798.22},"blocks":[{"id":"fgc0so1zviy5v5rcr4fz0l6w","outgoingEdgeId":"hfsvd9kzkb9cjw61cq8r3xao","type":"Wait","options":{"secondsToWaitFor":"3"}}]},{"id":"utq9pcd41upgzho2j7pk9o73","title":"Group #18","graphCoordinates":{"x":1951.28,"y":3366.21},"blocks":[{"id":"oadvdvjfy3b1sz2msnv2cx1w","outgoingEdgeId":"jh9rdn8m657rlvdd9me7441s","type":"Wait","options":{"secondsToWaitFor":"3"}}]},{"id":"y0hc9xwkhfw2zbbis4uhsbhu","title":"Group #19","graphCoordinates":{"x":-706.73,"y":1721.2},"blocks":[{"id":"fg982pv412zbv1ytt5kpz4nb","outgoingEdgeId":"c1bkj6vyhiwjrg48q0xisgkj","type":"text","content":{"richText":[{"type":"p","children":[{"text":"Escolha um genero."}]}]}}]},{"id":"mc9il2r3qlasc26psu09xg77","title":"Group #20","graphCoordinates":{"x":-331.38,"y":1709.83},"blocks":[{"id":"t3xffbyqlxmf8ru4wurinq9g","outgoingEdgeId":"u6xc8yuvuvnusfa92zhughgd","type":"Wait","options":{"secondsToWaitFor":"3"}}]},{"id":"nmidqb8j530dy84q5qrz2cyh","title":"Group #21","graphCoordinates":{"x":25.74,"y":1694.53},"blocks":[{"id":"nirafbaz3pul17eoinaavkck","type":"choice input","items":[{"id":"emd02jw83mbsus92l4obskd5","outgoingEdgeId":"quwio4remim2l93927qzrhq9","content":"Romance"},{"id":"t90fl3m51q4jn0s0b4e7st5b","outgoingEdgeId":"w0kc5ova5dq29h8ektnutvs4","content":"Terror"},{"id":"dubhpqtnoaikldnmef4x0hsz","outgoingEdgeId":"vulrf1mw85jnjf6ir1pcba6m","content":"Animação"},{"id":"o99a6zjvi271s8vrkryox3mq","outgoingEdgeId":"iphsdkk49nlc6wpu2cpnk6kr","content":"Suspense"}]}]},{"id":"kf2mv1w961617w4qbadjpfnp","title":"Group #22","graphCoordinates":{"x":462.65,"y":1657.72},"blocks":[{"id":"jzk4f05f8mfec5bmqgpqz3lu","outgoingEdgeId":"k2scaisakzjxzgyv6dq632xg","type":"Wait","options":{"secondsToWaitFor":"3"}}]},{"id":"kba8be4n3hu1i90sknprc3lw","title":"Group #23","graphCoordinates":{"x":467.4,"y":1803.2},"blocks":[{"id":"kwhxn3afqx3wryyhqkcur9tl","outgoingEdgeId":"yetyroexposx0tojsvttucc4","type":"Wait","options":{"secondsToWaitFor":"3"}}]},{"id":"kwda3p47xmzgomz8i9ajdp3x","title":"Group #24","graphCoordinates":{"x":467.63,"y":1974.43},"blocks":[{"id":"n0to8z78246s8goynvgbb4yp","outgoingEdgeId":"uc2qeqoegfcjzy7hqiov417e","type":"Wait","options":{"secondsToWaitFor":"3"}}]},{"id":"xrq1ap55fp8a7oitfvs8ub1z","title":"Group #25","graphCoordinates":{"x":477.35,"y":2149.37},"blocks":[{"id":"uns77tsf9wj62mq0m1devawi","outgoingEdgeId":"aqqjtrfyz19q9mled5y7mu9l","type":"Wait","options":{"secondsToWaitFor":"3"}}]},{"id":"fa2qqx4r0317qi6gf8xacae9","title":"Group #26","graphCoordinates":{"x":2291.98,"y":659.15},"blocks":[{"id":"dd6cfnidc3blul96ccrjui7o","outgoingEdgeId":"kjnkkviao9nidyt1sd0w5198","type":"text","content":{"richText":[{"type":"p","children":[{"text":"Aqui está alguns livros."}]},{"type":"p","children":[{"text":"Clique para saber mais."}]}]}}]},{"id":"j4rqcf0pzn22zg05kiuh18c9","title":"Group #27","graphCoordinates":{"x":2700.87,"y":184.15},"blocks":[{"id":"njx3t2rpooutgl82454a0w2t","type":"choice input","items":[{"id":"k3yjor06cpv09wqnehdcbkng","outgoingEdgeId":"hue1bsg1snxtextaq03oqu84","content":"É Assim Que Acaba - Colleen Hoover"},{"id":"scxjq10nt7xkw0nlpv375l4k","outgoingEdgeId":"kemdxxrgm7h38rbzk7gcbxka","content":"A vida invisível de Addie LaRue"},{"id":"r4hz047b9ugspbxa41iu34f1","outgoingEdgeId":"a61mzwtkxxqvl8kj8r3hx6if","content":"Novembro, 9"},{"id":"krvfnnyg4ha6ta9wpsrvhj7h","outgoingEdgeId":"wckd0jztx1ihe55lwzgdwwqa","content":"Em Busca Da Cinderela E Em Busca Da Perfeição (2 Em 1)"},{"id":"fbylpmajftrtygcnq2fnwbho","outgoingEdgeId":"kduy5tlu8hrcodjj64yqrvru","content":"O visconde que me amava (Os Bridgertons – Livro 2)"}]}]},{"id":"ic9uwpsx5xlcpzmv9lc2dgt1","title":"Group #28","graphCoordinates":{"x":3396.39,"y":-96.77},"blocks":[{"id":"j217ekzlf6lot0tekj2lu3dt","outgoingEdgeId":"ppzlx26b4ea2l6jwnvk3zv0z","type":"text","content":{"richText":[{"type":"p","children":[{"text":"É Assim Que Acaba - Colleen Hoover: Este livro é o mais vendido na lista dos melhores livros de romance de 2024"}]}]}}]},{"id":"t1snvgaqkswcb4x1wlhxfx7c","title":"Group #29","graphCoordinates":{"x":3050.19,"y":114.99},"blocks":[{"id":"he778q5pgg8e9lz9qkyllvw1","outgoingEdgeId":"j4qgpgz9c56jr92el1ffscn4","type":"Wait","options":{"secondsToWaitFor":"3"}}]},{"id":"x0l03yfs088yxny6nzof7mnj","title":"Group #30","graphCoordinates":{"x":3048.62,"y":262.05},"blocks":[{"id":"b8jgjegc2ruvezbmvjkg239m","outgoingEdgeId":"kg5t8e4tbalkyswvi01y7zj5","type":"Wait","options":{"secondsToWaitFor":"3"}}]},{"id":"qa9g4hp0gsvl6acspog25vnd","title":"Group #31","graphCoordinates":{"x":3046.45,"y":404.54},"blocks":[{"id":"licfokbwvxqgncdz3nl11pq3","outgoingEdgeId":"qg8wg6xxhbbtmgsy1p8jh03u","type":"Wait","options":{"secondsToWaitFor":"3"}}]},{"id":"wx2i0ypyc8hqfo9xe3mb38h6","title":"Group #32","graphCoordinates":{"x":3046.85,"y":544.98},"blocks":[{"id":"pfihfozvp785yggptfzleysa","outgoingEdgeId":"mp3hppbfk90m8ed0g7mvkqxj","type":"Wait","options":{"secondsToWaitFor":"3"}}]},{"id":"ca02wsxs3jljwcqbnn9vhoaa","title":"Group #33","graphCoordinates":{"x":3048.68,"y":698.13},"blocks":[{"id":"eulprl6mnha7dw4zisbyyl5m","outgoingEdgeId":"z2o4ue1ml5zr3zogjkgbxror","type":"Wait","options":{"secondsToWaitFor":"3"}}]},{"id":"m61i8nro13kkaeo6hu4nkxo6","title":"Group #34","graphCoordinates":{"x":3399.31,"y":144.94},"blocks":[{"id":"c85qgt53j3zc6xagxczg2sgh","outgoingEdgeId":"jy1qyhvf4v01pl1r0uvfbkiv","type":"text","content":{"richText":[{"type":"p","children":[{"text":"A vida invisível de Addie LaRue: Na França de 1714, Addie LaRue não queria pertencer a ninguém ou a lugar nenhum"}]}]}}]},{"id":"yvwps2tlyv5coyriji1mhiqi","title":"Group #35","graphCoordinates":{"x":3395.73,"y":385.05},"blocks":[{"id":"z3crerps72axxkt816diqe6y","outgoingEdgeId":"blvktgrl3jq2zk4d8hz4tk4a","type":"text","content":{"richText":[{"type":"p","children":[{"text":""}]},{"type":"p","children":[{"text":"Novembro, 9: Com apenas 18 anos, Fallon já sobreviveu a um incêndio que a deixou desfigurada e viu a carreira de atriz desmoronar por conta das cicatrizes"}]}]}}]},{"id":"iubkru9yqc2jqtwemdqahscc","title":"Group #36","graphCoordinates":{"x":3399.28,"y":671.24},"blocks":[{"id":"ndy6t6mzzod1vtuw6d40v3wx","outgoingEdgeId":"uti7laefzlejk3ozz401p2jt","type":"text","content":{"richText":[{"type":"p","children":[{"text":"Em Busca Da Cinderela E Em Busca Da Perfeição (2 Em 1): Six e Daniel se conhecem e de imediato surge uma conexão, uma afinidade que os une, conduzindo-os a uma história que tem tudo para ser um conto de fadas"}]}]}}]},{"id":"jy19bua897wpsh6wzr0j4ji0","title":"Group #37","graphCoordinates":{"x":3402.88,"y":977.5},"blocks":[{"id":"w4s498res5epyahjfn20h9i7","outgoingEdgeId":"xc5oiedkihh6q8y64f86lx0m","type":"text","content":{"richText":[{"type":"p","children":[{"text":"O visconde que me amava (Os Bridgertons – Livro 2): Este livro de Julia Quinn apresenta o solteiro mais cobiçado do ano, Anthony Bridgerton, um visconde charmoso, elegante e muito rico "}]}]}}]},{"id":"mirbqfxfumat2txjybozjqtm","title":"Group #38","graphCoordinates":{"x":4083.56,"y":-191.66},"blocks":[{"id":"pwjt5sugwt0mykzomm5p0n7f","type":"choice input","items":[{"id":"r1iekugr61m3bt8t7c7zpxow","outgoingEdgeId":"qjipx6sfcwi1aup9vx2jg0zr","content":"Ir para comprar"},{"id":"zz6fisw00yt62bquedvs6vrt","outgoingEdgeId":"xxaou2oflwrh9hcr5pfa3209","content":"Voltar para lista."}]}]},{"id":"y1662kq4c449mybrkmpcdtvq","title":"Group #39","graphCoordinates":{"x":3717.57,"y":-55.91},"blocks":[{"id":"aanydcblbwmzffw6j7mxkpnz","outgoingEdgeId":"pgqiabbbz51aq3q76kkljakg","type":"Wait","options":{"secondsToWaitFor":"3"}}]},{"id":"hiefaaubhqj1hs75vsfryg9x","title":"Group #40","graphCoordinates":{"x":3730.45,"y":156.24},"blocks":[{"id":"b6e44077yspykdpywnnqtf24","outgoingEdgeId":"l8ycju4ic55dqi4qzso7at6v","type":"Wait","options":{"secondsToWaitFor":"3"}}]},{"id":"uu6uqupgp6cgi9xl08jmn8xw","title":"Group #41","graphCoordinates":{"x":3730.82,"y":465.03},"blocks":[{"id":"xxldn9z8e2arwa7km20qf4r0","outgoingEdgeId":"cmiafmm6cqj1dufuygz7d5fl","type":"Wait","options":{"secondsToWaitFor":"3"}}]},{"id":"fxsa1cmw5l1pwk90p7uc44yf","title":"Group #42","graphCoordinates":{"x":3736.15,"y":756.39},"blocks":[{"id":"s9b3s1cgz033ux43p0x4xzl3","outgoingEdgeId":"w3cqdwtabgcls2qlcfz77cno","type":"Wait","options":{"secondsToWaitFor":"3"}}]},{"id":"xgjh18kx2jpwvibuvyesbdn8","title":"Group #43","graphCoordinates":{"x":3759.53,"y":1074.34},"blocks":[{"id":"by52ixhbmwbupltmc26e5yo2","outgoingEdgeId":"kb31frhh172yyxsq6dhdqk2f","type":"Wait","options":{"secondsToWaitFor":"3"}}]},{"id":"y6100yryde8ecjvbzmqg4g3c","title":"Group #44","graphCoordinates":{"x":4080.58,"y":95.9},"blocks":[{"id":"ilgbmkp0d7ci199fjndy9hyh","type":"choice input","items":[{"id":"tbo33h56eu1bp6exbx31opb4","outgoingEdgeId":"fs5k8btpy050cyd1xp4ayz6q","content":"Ir para comprar"},{"id":"inxipyuagtgo4hcoe7z9zjgm","outgoingEdgeId":"bomddqpteyf6an0yfh77jk8t","content":"Voltar para lista."}]}]},{"id":"rnaj5cid4ieh7p8krmqyb2l2","title":"Group #45","graphCoordinates":{"x":4081.6,"y":447.62},"blocks":[{"id":"ub6wjlkvdohe1hxyvvgl0c2g","type":"choice input","items":[{"id":"vdsjpk7kzdkij8mp9ax4mwmp","outgoingEdgeId":"cbz0i7bmlrf086p5qc2ipmf8","content":"Ir para comprar"},{"id":"uada53jmlbi0r60808awl7k5","outgoingEdgeId":"qlxg8625zo02vzpxre19m7ot","content":"Voltar para lista."}]}]},{"id":"dyzsnzfxdrobwavv80wetue8","title":"Group #46","graphCoordinates":{"x":4083.36,"y":772.39},"blocks":[{"id":"rpokm7kt5x75gavq7n2k3jxb","type":"choice input","items":[{"id":"z2dvpgs1l3alh1xfq79ydthe","outgoingEdgeId":"g88b2s0fp3dp99odqgv5oxei","content":"Ir para comprar"},{"id":"gycl16j1av80iatvneiwkq5w","outgoingEdgeId":"kjh65z77zq7p1ha30cee38b5","content":"Voltar para lista."}]}]},{"id":"vwlfeallr0giw9etuk3ml3gr","title":"Group #47","graphCoordinates":{"x":4089.93,"y":1106.64},"blocks":[{"id":"d38q02p5gfcsp1ibnxmqlbqn","type":"choice input","items":[{"id":"ysnmphxl53gq4xw2ilaztoho","outgoingEdgeId":"ip5728fy0svnrnwzfw5y3rx5","content":"Ir para comprar"},{"id":"gakstkf28087nuqhgc8483f7","outgoingEdgeId":"u4veeqxayq6dzn1pog8a879x","content":"Voltar para lista."}]}]},{"id":"jh9i87bkbnexwpqxdmzj27ve","title":"Group #48","graphCoordinates":{"x":4443.46,"y":-309.42},"blocks":[{"id":"ta78r641o5b5z2uk33jed7k6","outgoingEdgeId":"kmuqpcdiphbxojdx3xs7nolf","type":"Wait","options":{"secondsToWaitFor":"3"}}]},{"id":"fmp8t1kdqhlknedb3tncw0u3","title":"Group #49","graphCoordinates":{"x":4447.02,"y":-149.39},"blocks":[{"id":"vuzpjeah6lw30xnm24yvl50k","outgoingEdgeId":"r32fwudap4lbniblyv34q09t","type":"Wait","options":{"secondsToWaitFor":"3"}}]},{"id":"spgb8go1x4oamnsq3h5vum2u","title":"Group #50","graphCoordinates":{"x":4449.35,"y":66.54},"blocks":[{"id":"xqs8riycbsbrwgq2u5ywanbc","outgoingEdgeId":"mb7nt4vlhsub2dcf7yi3f755","type":"Wait","options":{"secondsToWaitFor":"3"}}]},{"id":"lval1k761dgt65hdc1bfd1oo","title":"Group #51","graphCoordinates":{"x":4449.68,"y":231.07},"blocks":[{"id":"zyko95woazcxn2xgpuys8qz9","type":"Wait","options":{"secondsToWaitFor":"3"}}]},{"id":"fzmt5knhn2j0l3plpr7cy2xt","title":"Group #52","graphCoordinates":{"x":4444.6,"y":412.96},"blocks":[{"id":"ixqwc7ksip2ie8o38sbdh53o","outgoingEdgeId":"dj3ju9kfigxmomvs4sbmjtge","type":"Wait","options":{"secondsToWaitFor":"3"}}]},{"id":"mwajuoqyervefcwkjr5e00vf","title":"Group #53","graphCoordinates":{"x":4441.08,"y":562.3},"blocks":[{"id":"mw89qhb7yyswdy9ecou4r47t","type":"Wait","options":{"secondsToWaitFor":"3"}}]},{"id":"e3ab5hfnkzfz0b17fygiglmh","title":"Group #54","graphCoordinates":{"x":4436.92,"y":744.8},"blocks":[{"id":"qck6a3xyit9rc2q8f9eb7a3w","outgoingEdgeId":"xa20uk5cpqp2i4d8hwr99auv","type":"Wait","options":{"secondsToWaitFor":"3"}}]},{"id":"c89eq89wmtud0r3wkbxlepwq","title":"Group #55","graphCoordinates":{"x":4433.99,"y":894.77},"blocks":[{"id":"g5p3xxmv94dz29qswu1v7i0d","type":"Wait","options":{"secondsToWaitFor":"3"}}]},{"id":"qkikdip6uptj9494zkbxt1yx","title":"Group #56","graphCoordinates":{"x":4435.15,"y":1102.4},"blocks":[{"id":"ghf93ahudgg1gbu4om0qf8pa","outgoingEdgeId":"uwu0t56p9t71jl6dl5mf8mtb","type":"Wait","options":{"secondsToWaitFor":"3"}}]},{"id":"ymm0eovcx2l861tys3sd7pud","title":"Group #57","graphCoordinates":{"x":4438.73,"y":1255.6},"blocks":[{"id":"oy8l6u2j8b8q7tjnvgyolskq","type":"Wait","options":{"secondsToWaitFor":"3"}}]},{"id":"yei44tj81f23rhcawhiu4ro6","title":"Group #58","graphCoordinates":{"x":4796.03,"y":-142.24},"blocks":[{"id":"kepj7cebwwcygvcysfzdcpdl","outgoingEdgeId":"mu8d9ngbiqdpxipzxw2wmh4s","type":"text","content":{"richText":[{"type":"p","children":[{"text":"Ok."}]}]}}]},{"id":"aa52iqbszj8gpw95ope3x0sf","title":"Group #59","graphCoordinates":{"x":4795.53,"y":-308.1},"blocks":[{"id":"ztu7s7poe9ragbpxtqjp417h","outgoingEdgeId":"jpe71s8twz2cbb2c5mbwiwnu","type":"text","content":{"richText":[{"type":"p","children":[{"text":"Aqui esta o link."}]}]}}]},{"id":"ob6b363082zdpejunm2qdd5l","title":"Group #60","graphCoordinates":{"x":5130.11,"y":-313.76},"blocks":[{"id":"ech3wh0j19bt1qcd9n17w2ou","outgoingEdgeId":"nnydoaf8oifbyyka5mymiuja","type":"Wait","options":{"secondsToWaitFor":"3"}}]},{"id":"hn5o2wi2inamcu5vs1jy33dm","title":"Group #61","graphCoordinates":{"x":5130.86,"y":-134.03},"blocks":[{"id":"jvast2n57ko8y69yok4q11xh","outgoingEdgeId":"jr64e569ricny1mepzemcmsk","type":"Wait","options":{"secondsToWaitFor":"3"}}]},{"id":"h51hgy1514jebd5htj8xihyn","title":"Group #62","graphCoordinates":{"x":841.63,"y":1650.93},"blocks":[{"id":"vexk33emqtfp8kv19xxt8ued","outgoingEdgeId":"fg4ubgtc6szfh4mwxl2ule0d","type":"text","content":{"richText":[{"type":"p","children":[{"text":"Aqui esta um link dos melhores livros de romance."}]}]}}]},{"id":"ejasdi8sjqhmgmk5o1saxy3s","title":"Group #63","graphCoordinates":{"x":1183.29,"y":1658.51},"blocks":[{"id":"m2xgn8i6m9iq4cptcit4iben","outgoingEdgeId":"ldlbxp32qola4oiagh8tpfb7","type":"Wait","options":{"secondsToWaitFor":"3"}}]},{"id":"s7pbnys1rq467ugtilc15ibw","title":"Group #64","graphCoordinates":{"x":1550.76,"y":1641.77},"blocks":[{"id":"y0hn7iasif0ix0reg40bdyjf","type":"text","content":{"richText":[{"type":"p","children":[{"text":""},{"url":"https://roteirosliterarios.com.br/livros-de-romance/","type":"a","children":[{"text":"https://roteirosliterarios.com.br/livros-de-romance/"}]},{"text":""}]}]}}]},{"id":"y7bsjbqri5nnimap518wqjhx","title":"Group #65","graphCoordinates":{"x":840.97,"y":1818.51},"blocks":[{"id":"e5mlht84fobrwbsegqjs3as7","outgoingEdgeId":"f4s0zoh8t7qwzbh9nl1neona","type":"text","content":{"richText":[{"type":"p","children":[{"text":"Aqui esta um link dos melhores livros de terror."}]}]}}]},{"id":"s53molljktfzl6agh4ixt0z2","title":"Group #66","graphCoordinates":{"x":842.84,"y":1985.01},"blocks":[{"id":"ejzin1xfefsehox6n5hj9hpz","outgoingEdgeId":"oafw7dc9g4b285r8qf7yp46g","type":"text","content":{"richText":[{"type":"p","children":[{"text":"Aqui esta um link dos melhores livros de animação."}]}]}}]},{"id":"yxenguyvbo13x0veohg03p0i","title":"Group #67","graphCoordinates":{"x":843.76,"y":2177.59},"blocks":[{"id":"fgh89yqcq9psz01h4qqe5cuz","outgoingEdgeId":"jux7w4wn0wqbwzh11rege4mv","type":"text","content":{"richText":[{"type":"p","children":[{"text":"Aqui esta um link dos melhores livros de Suspense"}]}]}}]},{"id":"k199gua9r21m5kh0zv6duelm","title":"Group #68","graphCoordinates":{"x":1183.3,"y":1828.73},"blocks":[{"id":"tg99hq5l3q92o1jb22a0qoap","outgoingEdgeId":"tpx52ht27z409ll5dnox1enp","type":"Wait","options":{"secondsToWaitFor":"3"}}]},{"id":"oll5ahji9epvp5qr9xhb74qv","title":"Group #69","graphCoordinates":{"x":1184.24,"y":2001.76},"blocks":[{"id":"nidcsw2qqoujmzr1ng1746ut","outgoingEdgeId":"anp68wlyoepcvlwo52hhua2c","type":"Wait","options":{"secondsToWaitFor":"3"}}]},{"id":"mqxuk595wa4nidbe4sdybpe7","title":"Group #70","graphCoordinates":{"x":1187.96,"y":2185.94},"blocks":[{"id":"krt194yyt7kpzzyd3y82nge3","outgoingEdgeId":"rxrr2acg48jp1hrlzjerx2qn","type":"Wait","options":{"secondsToWaitFor":"3"}}]},{"id":"svh7g4iwwicfqiovo71p5yk0","title":"Group #71","graphCoordinates":{"x":1555.39,"y":1822.23},"blocks":[{"id":"qya487nn687cfwf6h7mxar11","type":"text","content":{"richText":[{"type":"p","children":[{"text":""},{"url":"https://www.pensador.com/livros_de_terror/","type":"a","children":[{"text":"https://www.pensador.com/livros_de_terror/"}]},{"text":""}]}]}}]},{"id":"c1353l1mj52dpwi6b7fd2twu","title":"Group #72","graphCoordinates":{"x":1553.53,"y":1998.05},"blocks":[{"id":"d8yziyr1raqz5dse9nk2ca8d","type":"text","content":{"richText":[{"type":"p","children":[{"text":""},{"url":"https://www.inlivros.net/animacao/","type":"a","children":[{"text":"https://www.inlivros.net/animacao/"}]},{"text":""}]}]}}]},{"id":"oax44o0a4mal6egsdw08xedv","title":"Group #73","graphCoordinates":{"x":1552.6,"y":2175.72},"blocks":[{"id":"pdwtl9toqc751ibhs5ndxeqa","type":"text","content":{"richText":[{"type":"p","children":[{"text":""},{"url":"https://roteirosliterarios.com.br/livros-de-suspense/","type":"a","children":[{"text":"https://roteirosliterarios.com.br/livros-de-suspense/"}]},{"text":""}]}]}}]},{"id":"mrs4gw6jws7eowojmxg22mtq","title":"Group #74","graphCoordinates":{"x":5481.8,"y":-340.55},"blocks":[{"id":"tys8k14sdot6sffrxcqde9x4","outgoingEdgeId":"kypqffk3bbq3dzwnwgwsqdka","type":"text","content":{"richText":[{"type":"p","children":[{"text":""},{"url":"https://www.amazon.com.br/Assim-que-Acaba-Colleen-Hoover/dp/8501112518","type":"a","children":[{"text":"https://www.amazon.com.br/Assim-que-Acaba-Colleen-Hoover/dp/8501112518"}]},{"text":""}]}]}}]},{"id":"qjs5ff3yp8rotpm6t191s8p7","title":"Group #75","graphCoordinates":{"x":4791.58,"y":66.87},"blocks":[{"id":"uq11ymizyu19ll8hf5uyjr72","outgoingEdgeId":"f243uy5e1qd23lovd7h2syut","type":"text","content":{"richText":[{"type":"p","children":[{"text":"Aqui esta o link."}]}]}}]},{"id":"b7j6zb6w187nccsvaoa4zcbw","title":"Group #76","graphCoordinates":{"x":4797.17,"y":403.62},"blocks":[{"id":"ups7rr5nqizqf6c739bozudv","outgoingEdgeId":"y0aeazm6qe18mupgvtb6e4ed","type":"text","content":{"richText":[{"type":"p","children":[{"text":"Aqui esta o link."}]}]}}]},{"id":"daergb109ws56k7xtfxrembk","title":"Group #77","graphCoordinates":{"x":4802.74,"y":739.44},"blocks":[{"id":"gx7pt3p26vzcblop717a735i","outgoingEdgeId":"of9zvnk0blbeoxdzijngsvue","type":"text","content":{"richText":[{"type":"p","children":[{"text":"Aqui esta o link."}]}]}}]},{"id":"s86hxis394kxuwj1j75os7u0","title":"Group #78","graphCoordinates":{"x":4807.39,"y":1097.58},"blocks":[{"id":"oypxmt75yp3nj2pixc1b4cm1","outgoingEdgeId":"sd02w28yj5dev2ih5chh27w7","type":"text","content":{"richText":[{"type":"p","children":[{"text":"Aqui esta o link."}]}]}}]},{"id":"mg7nmi1rm7ke27e1hz3nyexq","title":"Group #79","graphCoordinates":{"x":4812.05,"y":1272.46},"blocks":[{"id":"k9r083f6krjnzezqq74qouka","type":"text","content":{"richText":[{"type":"p","children":[{"text":"Ok."}]}]}}]},{"id":"nrvnyoz9yq7jm8h06ooejj2c","title":"Group #80","graphCoordinates":{"x":4805.53,"y":904.08},"blocks":[{"id":"t6vvwbmy6z58bxxavhtrtryt","type":"text","content":{"richText":[{"type":"p","children":[{"text":"Ok."}]}]}}]},{"id":"jifdhnvtuqxjpyv99pogrkvt","title":"Group #81","graphCoordinates":{"x":4801.82,"y":567.34},"blocks":[{"id":"p1cqjtie4w8r2nc4lvk6z77m","type":"text","content":{"richText":[{"type":"p","children":[{"text":"Ok."}]}]}}]},{"id":"n0776n25f3n6f9mjrdm2ns06","title":"Group #82","graphCoordinates":{"x":4791.58,"y":236.17},"blocks":[{"id":"jx5nann0lymgwt15m78l7kun","type":"text","content":{"richText":[{"type":"p","children":[{"text":"Ok."}]}]}}]},{"id":"xykoqugvgfqke1pxhlw72k9h","title":"Group #83","graphCoordinates":{"x":5129.26,"y":62.23},"blocks":[{"id":"y0v5yja262z3t04i9krnlbww","outgoingEdgeId":"zvtvykz4qpxf310vkug8leb0","type":"Wait","options":{"secondsToWaitFor":"3"}}]},{"id":"nmfodz04yhmojqpkcgj7bba1","title":"Group #84","graphCoordinates":{"x":5127.4,"y":225.02},"blocks":[{"id":"l0uixjpqur0wgxwnzp7exdro","outgoingEdgeId":"aolgo83c82vm43masw6cojr7","type":"Wait","options":{"secondsToWaitFor":"3"}}]},{"id":"jh648tcat2rf6v60hra2e0jj","title":"Group #85","graphCoordinates":{"x":5132.98,"y":400.83},"blocks":[{"id":"bqjx9ngq0ro9z6g3ufn3ifpg","outgoingEdgeId":"orbkck80d51xxhfvw6bffb3a","type":"Wait","options":{"secondsToWaitFor":"3"}}]},{"id":"jpjtv85qq31f23t8zpqxdfaq","title":"Group #86","graphCoordinates":{"x":5137.62,"y":568.27},"blocks":[{"id":"f19wkacgsil0nw5d3d3ww04u","outgoingEdgeId":"l856ipj1u8izkd085ah52itx","type":"Wait","options":{"secondsToWaitFor":"3"}}]},{"id":"w662lrvf9l75h1gn0ao5gqyk","title":"Group #87","graphCoordinates":{"x":5137.63,"y":751.53},"blocks":[{"id":"mj6m3c11l2wul2ckkp3iaqab","outgoingEdgeId":"sziw021ffsd8mzst5a5fl3gk","type":"Wait","options":{"secondsToWaitFor":"3"}}]},{"id":"vmeg5sxb7b77hxgyebpkwyb6","title":"Group #88","graphCoordinates":{"x":5139.49,"y":907.82},"blocks":[{"id":"dm4rb15bc020zu2qhs51ec8y","outgoingEdgeId":"b1sa8f5owfr319c0brt3t13e","type":"Wait","options":{"secondsToWaitFor":"3"}}]},{"id":"oaue2pqrvij7fkcawzx86ypo","title":"Group #89","graphCoordinates":{"x":5145.07,"y":1101.3},"blocks":[{"id":"k45ywp93z5lorw7nnj95kmwy","outgoingEdgeId":"hmly7j19ha6djazhgd0yhmat","type":"Wait","options":{"secondsToWaitFor":"3"}}]},{"id":"uxvcnvxw069af4mdfgdxo8l8","title":"Group #90","graphCoordinates":{"x":5138.56,"y":1278.97},"blocks":[{"id":"bl78kt25kexcvtg6o2q9fgm9","outgoingEdgeId":"xxhwk7w8dszo0s9xd399q1h9","type":"Wait","options":{"secondsToWaitFor":"3"}}]},{"id":"w8c4o16n32c9hs4obt41rciu","title":"Group #91","graphCoordinates":{"x":5477.31,"y":58.26},"blocks":[{"id":"zwl3xaz0nn1c2dr2ujqsule1","outgoingEdgeId":"mzxk9uv21gizvcg9rleoty6z","type":"text","content":{"richText":[{"type":"p","children":[{"text":""},{"url":"https://www.amazon.com.br/vida-invis%C3%ADvel-Addie-LaRue/dp/6555872551","type":"a","children":[{"text":"https://www.amazon.com.br/vida-invis%C3%ADvel-Addie-LaRue/dp/6555872551"}]},{"text":""}]}]}}]},{"id":"g42u1v3uac712nib5tczd24c","title":"Group #92","graphCoordinates":{"x":5472.86,"y":382.7},"blocks":[{"id":"efaf2j13snddx12p3nw8maey","outgoingEdgeId":"zib450m6i221w3muyfo7g1de","type":"text","content":{"richText":[{"type":"p","children":[{"text":""},{"url":"https://www.amazon.com.br/Novembro-9-Colleen-Hoover/dp/8501076252","type":"a","children":[{"text":"https://www.amazon.com.br/Novembro-9-Colleen-Hoover/dp/8501076252"}]},{"text":""}]}]}}]},{"id":"tcpxcw5psbhtint9w1xlw8y2","title":"Group #93","graphCoordinates":{"x":5469.97,"y":714.6},"blocks":[{"id":"bumf469t9f1pntzm0y7c197d","outgoingEdgeId":"lyk0bwrua63dgv2ts9f0llje","type":"text","content":{"richText":[{"type":"p","children":[{"text":""},{"url":"https://www.amazon.com.br/Em-Busca-Cinderela-Perfei%C3%A7%C3%A3o-Acompanha/dp/8501305359","type":"a","children":[{"text":"https://www.amazon.com.br/Em-Busca-Cinderela-Perfei%C3%A7%C3%A3o-Acompanha/dp/8501305359"}]},{"text":""}]}]}}]},{"id":"wtosvin86zu5uqen0us53hoi","title":"Group #94","graphCoordinates":{"x":5499.91,"y":1107.87},"blocks":[{"id":"djkhwxmwqmqczbbh5njees42","outgoingEdgeId":"m0aic2h0ldpgfwmz4cq7997n","type":"text","content":{"richText":[{"type":"p","children":[{"text":""},{"url":"https://www.amazon.com.br/visconde-que-me-amava/dp/8580411971","type":"a","children":[{"text":"https://www.amazon.com.br/visconde-que-me-amava/dp/8580411971"}]},{"text":""}]}]}}]},{"id":"n6siis4rrgl5fgryara8ppf5","title":"Group #94","graphCoordinates":{"x":2305.57,"y":1785.12},"blocks":[{"id":"u1g1bgjneja7icbbmb4x7k11","outgoingEdgeId":"zec8fnp4wx0x8y1s4d2cgj7f","type":"text","content":{"richText":[{"type":"p","children":[{"text":"Aqui está alguns livros."}]},{"type":"p","children":[{"text":"Clique para saber mais."}]}]}}]},{"id":"vl02gp4w6ftgxtd7w17aj9gp","title":"Group #95","graphCoordinates":{"x":2625.57,"y":1795.13},"blocks":[{"id":"qcf7qoysc0hb1gk3s8y4x0ss","outgoingEdgeId":"jos75rmacvf91vpeu5yzmbma","type":"Wait","options":{"secondsToWaitFor":"3"}}]},{"id":"wuwqqc6rcxb4assjgiyl3b4w","title":"Group #96","graphCoordinates":{"x":3019.98,"y":1794.06},"blocks":[{"id":"n8hm9g44tl4g2336619xfrht","type":"choice input","items":[{"id":"ehycyfp733kevrx5enqvoyu8","outgoingEdgeId":"iuaowowemje8l3q2gtiah4e1","content":"As Ruínas (Scott Smith)"},{"id":"g8k99upplerbo0o9ilsk72uu","outgoingEdgeId":"pi3aznf70vtqrrxjn120u9ej","content":"Horror em Amityville (Jay Anson)"},{"id":"an6k4mzz5zb6ka7e4q50z0jj","outgoingEdgeId":"gc3ult66k4u7cfh3z1s87wwe","content":"O Desfiladeiro do Medo (Clive Barker)"}]}]},{"id":"s5v9j6xsecpdk1cnbgn4l9s7","title":"Group #97","graphCoordinates":{"x":3368.85,"y":1770.73},"blocks":[{"id":"x731efhouaik8385rnb01n1q","outgoingEdgeId":"rlsjhz38y49m1nusww1su95g","type":"Wait","options":{"secondsToWaitFor":"3"}}]},{"id":"t9bupd4xz9evvh7sant2ebb8","title":"Group #98","graphCoordinates":{"x":3370,"y":1921.84},"blocks":[{"id":"gk9aix9q22pul1hdy7md50jj","outgoingEdgeId":"reva6bvg7udyk92z0hgg4ei6","type":"Wait","options":{"secondsToWaitFor":"3"}}]},{"id":"nf90szox7knn50derubyooe2","title":"Group #99","graphCoordinates":{"x":3381.09,"y":2094.07},"blocks":[{"id":"x4wwwhmvng4ypuly24fzxu1l","outgoingEdgeId":"b92lyrlaqg6lqvej020wr39o","type":"Wait","options":{"secondsToWaitFor":"3"}}]},{"id":"ld2v4ewjjk3pp0xebkzdl8cb","title":"Group #100","graphCoordinates":{"x":3717.73,"y":1626.28},"blocks":[{"id":"n7wmzte6t0zyh4e0mi138lqb","outgoingEdgeId":"e6iqcj52q2xoi6mthtadyohy","type":"text","content":{"richText":[{"type":"p","children":[{"text":"As Ruínas (Scott Smith): Este suspense psicológico de Scott Smith foi descrito por Stephen King como um \"longo e desesperado grito de horror\"."}]}]}}]},{"id":"yh9r2hq02pkq3ik7rhgf13pz","title":"Group #101","graphCoordinates":{"x":3721.07,"y":1890.78},"blocks":[{"id":"bmx88gbtu9ea7fk5ldsjq03b","outgoingEdgeId":"epginrgqgmqp0mvuumysd8hz","type":"text","content":{"richText":[{"type":"p","children":[{"text":"Horror em Amityville (Jay Anson): Este livro narra os horrores vividos pela família Lutz, que se muda para uma mansão que foi palco de assassinatos brutais no passado."}]}]}}]},{"id":"hxvlsb0g3ve7djgtct8vw5je","title":"Group #102","graphCoordinates":{"x":3717.75,"y":2199.63},"blocks":[{"id":"k2u9qqa91qmwco3wljm33sku","outgoingEdgeId":"eyp3cp8j6prru640mb15nd6r","type":"text","content":{"richText":[{"type":"p","children":[{"text":"O Desfiladeiro do Medo (Clive Barker): Conhecido por ser o criador de Hellraiser, Clive Barker é autor desta obra considerada no mínimo perturbadora."}]}]}}]},{"id":"n57klfh32374ujxljpok7rht","title":"Group #103","graphCoordinates":{"x":4080.33467229951,"y":1703.307184052048},"blocks":[{"id":"q83kw3vwam8j8rytixv0o6me","outgoingEdgeId":"iok0i0uu8kgj0zhxyb48pczt","type":"Wait","options":{"secondsToWaitFor":"3"}}]},{"id":"yculsp90xf3xesn9xd2x2bb0","title":"Group #104","graphCoordinates":{"x":4084.79,"y":1989.24},"blocks":[{"id":"agutxhyu17359kfzpydrolzh","outgoingEdgeId":"tmtqy3li1b6clj034o1x7sxl","type":"Wait","options":{"secondsToWaitFor":"3"}}]},{"id":"y98ewyheb161pwk8904njbet","title":"Group #105","graphCoordinates":{"x":4084.78,"y":2295.89},"blocks":[{"id":"gsaok2sbhww7x305kkqkeglb","outgoingEdgeId":"tmaeqkj70j81ea2mayoqgplg","type":"Wait","options":{"secondsToWaitFor":"3"}}]},{"id":"stkgrblnf9manybd1kwrtils","title":"Group #106","graphCoordinates":{"x":4465.54,"y":1630.74},"blocks":[{"id":"jznd4jehxkwdj6fssqfhapbn","type":"choice input","items":[{"id":"fy7dh0az3b0km0nu1b481osh","outgoingEdgeId":"rdu1xaq8765mbnswvufx6efl","content":"Ir para comprar"},{"id":"j4vzufw5xgzjw75w9wfi2ofs","outgoingEdgeId":"iz68n7s2qrfzzo7o49gpnctj","content":"Voltar para lista."}]}]},{"id":"psvmci5nq1hus1xfj8rzbj5v","title":"Group #107","graphCoordinates":{"x":4468.46,"y":1938.9},"blocks":[{"id":"mb0e9c9zgqqn549qjkb5kvi5","type":"choice input","items":[{"id":"loeztoqjxkm6vwv7fh3hw8qn","outgoingEdgeId":"m8dawwkpyo92uspurw5p63z0","content":"Ir para comprar"},{"id":"vgkfmyq4so3g1ycojig4qt3c","outgoingEdgeId":"rh1awqnvdprvbepmiirs1ugc","content":"Voltar para lista."}]}]},{"id":"rpoxaee33m28c0tsxtetz44o","title":"Group #108","graphCoordinates":{"x":4469.96,"y":2248.52},"blocks":[{"id":"ynj48sil9w11v684lrdi7tjb","type":"choice input","items":[{"id":"cxnvxotx6mtn5ngjbkio4dp1","outgoingEdgeId":"tpemgg556i66fth9v8wwz3zh","content":"Ir para comprar"},{"id":"bjltemym36futyvrr3y7iq51","outgoingEdgeId":"jgxtzj483ueyflg2lb2ex1fq","content":"Voltar para lista."}]}]},{"id":"ndkgkzdydu5eqf2flbxet7dd","title":"Group #109","graphCoordinates":{"x":4825.52,"y":1623.31},"blocks":[{"id":"r7x04e2krasui22iz9u67644","outgoingEdgeId":"tmx9pl92phnwvcr2sn0bufxi","type":"Wait","options":{"secondsToWaitFor":"3"}}]},{"id":"b2sd8dyzkn3hdmghhax53o6s","title":"Group #110","graphCoordinates":{"x":4828.48,"y":1789.23},"blocks":[{"id":"n5qhrblh97jeb7cvr097ys1q","outgoingEdgeId":"sh2wg84mp0m2dolbrwnv78vv","type":"Wait","options":{"secondsToWaitFor":"3"}}]},{"id":"odnhwivuxvhq851mbh951mw2","title":"Group #111","graphCoordinates":{"x":4837.35,"y":1974.45},"blocks":[{"id":"p4bogxdsbl6817cegjteyasv","outgoingEdgeId":"fiup7xblfarj5tzb89e9xyd6","type":"Wait","options":{"secondsToWaitFor":"3"}}]},{"id":"ad13vn2tl1qwp6hefbs3sqry","title":"Group #112","graphCoordinates":{"x":4834.4,"y":2125.54},"blocks":[{"id":"s9b5znkktrxuzaucvayjw1ig","outgoingEdgeId":"gai3ofbi1ymn19v9mx1bhhji","type":"Wait","options":{"secondsToWaitFor":"3"}}]},{"id":"e7m2oty5bj0cnfkh8u1mgogy","title":"Group #113","graphCoordinates":{"x":4829.96,"y":2295.91},"blocks":[{"id":"sao8mah2sevjutr6q2e942f9","outgoingEdgeId":"yhvfms6cneqr53e6u69lcd05","type":"Wait","options":{"secondsToWaitFor":"3"}}]},{"id":"o9ik8n5re7i11awlqcqzvawp","title":"Group #114","graphCoordinates":{"x":4828.47,"y":2460.35},"blocks":[{"id":"dtpd2lyrxor8kj8gt9mel7ro","outgoingEdgeId":"r6767chw1reshgsdqh6bqwda","type":"Wait","options":{"secondsToWaitFor":"3"}}]},{"id":"svrz6ucvn0nol0mlh1us3sb6","title":"Group #115","graphCoordinates":{"x":5185.52,"y":1617.39},"blocks":[{"id":"xl1ahibydhzgvupc4lciz50l","outgoingEdgeId":"nzgnegbidoeflm7tms2x39p5","type":"text","content":{"richText":[{"type":"p","children":[{"text":"Aqui esta o link."}]}]}}]},{"id":"uh151kz9i966to9cvid294qn","title":"Group #116","graphCoordinates":{"x":5186.98,"y":1786.28},"blocks":[{"id":"byfnj1q9joa89lxn99chwu8y","outgoingEdgeId":"xzk4apfsgjdxh53sexaaouvb","type":"text","content":{"richText":[{"type":"p","children":[{"text":"Ok."}]}]}}]},{"id":"em6194dy6ei8ug6jn1go4knb","title":"Group #117","graphCoordinates":{"x":5185.52,"y":1978.88},"blocks":[{"id":"e08lwpu9it3ehj52gp2b4onu","outgoingEdgeId":"q5p3igbkzu2dqdrp6aa6q1dt","type":"text","content":{"richText":[{"type":"p","children":[{"text":"Aqui esta o link."}]}]}}]},{"id":"jsze4mwrmih4d92uv71m026j","title":"Group #118","graphCoordinates":{"x":5184.04,"y":2132.95},"blocks":[{"id":"oxsf267ku015czw89hvug1d9","outgoingEdgeId":"m0wauzzms0c84jm1lp8b37xp","type":"text","content":{"richText":[{"type":"p","children":[{"text":"Ok."}]}]}}]},{"id":"gxr70kedqp6a8bu2on85v6mk","title":"Group #119","graphCoordinates":{"x":5185.51,"y":2295.91},"blocks":[{"id":"yvpjwjiqs4gifomiukwak5pq","outgoingEdgeId":"e5frro72gnt5qeo7emn0hzhs","type":"text","content":{"richText":[{"type":"p","children":[{"text":"Aqui esta o link."}]}]}}]},{"id":"g1zodj8musujpu44woqtpgg7","title":"Group #120","graphCoordinates":{"x":5187.01,"y":2463.32},"blocks":[{"id":"n1ts79g9r9047yhgcjq6iuax","outgoingEdgeId":"v364akx65levui9f9c66j4fp","type":"text","content":{"richText":[{"type":"p","children":[{"text":"Ok."}]}]}}]},{"id":"k8dkme5wzti62tcr0prexqei","title":"Group #121","graphCoordinates":{"x":5564.93,"y":1610.49},"blocks":[{"id":"wnf8iio3mrj15zabkim5yrqe","outgoingEdgeId":"m0zmtc4onkrudyghe55hmxqg","type":"text","content":{"richText":[{"type":"p","children":[{"text":""},{"url":"https://www.amazon.com.br/As-Ru%C3%ADnas-Scott-Smith/dp/8598078204","type":"a","children":[{"text":"https://www.amazon.com.br/As-Ru%C3%ADnas-Scott-Smith/dp/8598078204"}]},{"text":""}]}]}}]},{"id":"re0a7pl8s1gdyefh9jk4dbfr","title":"Group #122","graphCoordinates":{"x":5557.14,"y":1979.53},"blocks":[{"id":"ruh89rhy0q5debouzm5dknav","outgoingEdgeId":"rsn0oxsnn2pg147kvk2lp8jb","type":"text","content":{"richText":[{"type":"p","children":[{"text":""},{"url":"https://www.estantevirtual.com.br/livros/jay-anson/horror-em-amityville/1630558030","type":"a","children":[{"text":"https://www.estantevirtual.com.br/livros/jay-anson/horror-em-amityville/1630558030"}]},{"text":""}]}]}}]},{"id":"vch51lab2qq3gzgq2eio2p5h","title":"Group #123","graphCoordinates":{"x":5556.93,"y":2306.49},"blocks":[{"id":"c2l2tggefdrun6hkekpagj90","outgoingEdgeId":"yj8r25mktzfdb26jquwivaf1","type":"text","content":{"richText":[{"type":"p","children":[{"text":""},{"url":"https://www.amazon.com.br/Desfiladeiro-do-Medo-Clive-Barker/dp/8528609839","type":"a","children":[{"text":"https://www.amazon.com.br/Desfiladeiro-do-Medo-Clive-Barker/dp/8528609839"}]},{"text":""}]}]}}]},{"id":"djk1x24c93ol6vuanld2pbbm","title":"Group #124","graphCoordinates":{"x":2300.33,"y":3353.98},"blocks":[{"id":"xh40zkp5ys13nxblnghk3rtx","outgoingEdgeId":"sclz7lmsgxrav7ngst49c6h9","type":"text","content":{"richText":[{"type":"p","children":[{"text":"Aqui está alguns livros."}]},{"type":"p","children":[{"text":"Clique para saber mais."}]}]}}]},{"id":"kqgry569qj5o30l235oinmbo","title":"Group #125","graphCoordinates":{"x":2649.96,"y":3367.31},"blocks":[{"id":"g0xmmncdb4rodtsk3iuraasz","outgoingEdgeId":"iqvu8omdvq3toqk4zzk8aql5","type":"Wait","options":{"secondsToWaitFor":"3"}}]},{"id":"fba7fq8q2lawff8agqpw6jlq","title":"Group #126","graphCoordinates":{"x":3029.24,"y":3355.45},"blocks":[{"id":"lr608nrl108s7oovgaaut8zo","type":"choice input","items":[{"id":"b4nwzvpwefn4p6c1tquyma4e","outgoingEdgeId":"a5vlfhdcib9in8otq7rtkb3p","content":"O Iluminado (Stephen King)"},{"id":"n1fezgbtzn1j95160mocyhpx","outgoingEdgeId":"kl7wbuvy2wiza6pcb0cxa41y","content":"A Garota do Lago (Charlie Donlea)"},{"id":"fz4kgn4c191od8ucg7vgym57","outgoingEdgeId":"t7lcpapes6p7bhzuvor1ami3","content":"O Homem de Giz (C. J. Tudor)"}]}]},{"id":"io3ajfq2dhvlpnxooaflbk1r","title":"Group #127","graphCoordinates":{"x":3414.39,"y":3351.02},"blocks":[{"id":"vtnaa7rxj6nbzmsr10ncvgf9","outgoingEdgeId":"fzmu76mv0nl9nnjoia5v7aip","type":"Wait","options":{"secondsToWaitFor":"3"}}]},{"id":"hp49ud69h01wrnudzbxdc76r","title":"Group #128","graphCoordinates":{"x":3414.41,"y":3513.98},"blocks":[{"id":"z56dr4klar7hddwrjbq22gwc","outgoingEdgeId":"lhs4n9r6u36bistav1xe0vj8","type":"Wait","options":{"secondsToWaitFor":"3"}}]},{"id":"b71smk6cijyngy9yk5ghv22d","title":"Group #129","graphCoordinates":{"x":3415.91,"y":3681.4},"blocks":[{"id":"jal5fml7tulne1l7evy0ieh8","outgoingEdgeId":"ixie21dnmupvfocb1o8odgvr","type":"Wait","options":{"secondsToWaitFor":"3"}}]},{"id":"dugp1zgfzjjteks5ovhji3dc","title":"Group #130","graphCoordinates":{"x":3787.73,"y":3306.58},"blocks":[{"id":"t0q26pd3w0t92leqyaklto6x","outgoingEdgeId":"o6dgr61jueljaf06cav8yflr","type":"text","content":{"richText":[{"type":"p","children":[{"text":"O Iluminado (Stephen King): Este livro é uma das obras-primas de Stephen King, sendo também um dos seus livros mais famosos e assustadores."}]}]}}]},{"id":"wbsof0qbpndp8b31wnwmwp2x","title":"Group #131","graphCoordinates":{"x":3780.37,"y":3588.05},"blocks":[{"id":"d98gl6415ormqvr2rcfm3h65","outgoingEdgeId":"nvyqn4vx8r121e7qrbwfd2pg","type":"text","content":{"richText":[{"type":"p","children":[{"text":"A Garota do Lago (Charlie Donlea): A história gira em torno do mistério do desaparecimento de uma jovem chamada Nel Abbott, cujo corpo é encontrado no fundo de um lago em uma pequena cidade."}]}]}}]},{"id":"unpik0pkf2lxykkzcp94uq11","title":"Group #132","graphCoordinates":{"x":3778.86,"y":3959.92},"blocks":[{"id":"y14ohaehfvyyhs8rb01j0ny0","outgoingEdgeId":"bxncklzq2fuioq4czm01xq6s","type":"text","content":{"richText":[{"type":"p","children":[{"text":"O Homem de Giz (C. J. Tudor): Em 1986, Eddie e os amigos passam a maior parte dos dias andando de bicicleta pela pacata vizinhança em busca de aventuras. Os desenhos a giz são seu código secreto: homenzinhos rabiscados no asfalto; mensagens que só eles entendem."}]}]}}]},{"id":"v910mjbgnvhc09g6k1x3ra84","title":"Group #133","graphCoordinates":{"x":4156.62,"y":3383.61},"blocks":[{"id":"cdhel6gtxi1u2bn88cfe8rij","outgoingEdgeId":"q9tj9a2akj1wtrr4pensr2q9","type":"Wait","options":{"secondsToWaitFor":"3"}}]},{"id":"cn8n448zdew5ezqxq0m81du1","title":"Group #134","graphCoordinates":{"x":4156.62,"y":3684.35},"blocks":[{"id":"w31t9vqrqizaxuocmzggro0d","outgoingEdgeId":"tb1fczjfub2paoj96wbcqotd","type":"Wait","options":{"secondsToWaitFor":"3"}}]},{"id":"d9rwlpgtdh5vuj02347c77in","title":"Group #135","graphCoordinates":{"x":4153.66,"y":4062.12},"blocks":[{"id":"lhmmrf7m8c3fxz2cohikrp3f","outgoingEdgeId":"l3xozowqhp6pgh81pldlxjlv","type":"Wait","options":{"secondsToWaitFor":"3"}}]},{"id":"frl3rvkphpnue7o0wohrdntl","title":"Group #136","graphCoordinates":{"x":4617.39,"y":3353.98},"blocks":[{"id":"jo5cy0agqyqiaq552763jtuz","type":"choice input","items":[{"id":"llqz3hzpxzquc16ehdpj1jc1","outgoingEdgeId":"hl2hu5iedbm9de7x52djxtlm","content":"Ir para comprar"},{"id":"rvw8r414dy1lx3rxsyhz6uex","outgoingEdgeId":"evh98oujgh9jpzlh18dblp4j","content":"Voltar para lista."}]}]},{"id":"ypa9y29si62v1hut9fhj8fpg","title":"Group #137","graphCoordinates":{"x":4612.92,"y":3688.8},"blocks":[{"id":"x7adnchakt4stenywr3eahhs","type":"choice input","items":[{"id":"jmb83rend2yi9kox7e3a6m2i","outgoingEdgeId":"j6756l8i9k22c0qu7r3455ro","content":"Ir para comprar"},{"id":"ygb3pbntbib9ittd1yv7nbev","outgoingEdgeId":"q68b96hq1ukc0urw2vjv5w56","content":"Voltar para lista."}]}]},{"id":"eo5968wsw6wk9t746fbw0i4o","title":"Group #138","graphCoordinates":{"x":4624.77,"y":4115.46},"blocks":[{"id":"lajqn0wf813jrd55aakojsyg","type":"choice input","items":[{"id":"tj83h8swzbe88ldgyxtrnux3","outgoingEdgeId":"sk2msthli1f0bk345o53nftf","content":"Ir para comprar"},{"id":"axreme7tqtl5a09c7xc3uhsk","outgoingEdgeId":"im3oz0nagh50f2mpabk6csds","content":"Voltar para lista."}]}]},{"id":"qwtzrgsifsd7c8uhxpf4y24p","title":"Group #139","graphCoordinates":{"x":4967.11,"y":3337.44},"blocks":[{"id":"vd9zf0mr9p74p5ain1o4d76c","outgoingEdgeId":"t2eejbysn17z9ttzholvx55d","type":"Wait","options":{"secondsToWaitFor":"3"}}]},{"id":"m4zc44gn0xs9i4tebv9fiuio","title":"Group #140","graphCoordinates":{"x":4962.82,"y":3477.44},"blocks":[{"id":"ut9td6mea7mzzskmoltbyexi","outgoingEdgeId":"zv6gyvkfrz6bzvw135z16onm","type":"Wait","options":{"secondsToWaitFor":"3"}}]},{"id":"iq9mtu7g0cvoq7yps737vu55","title":"Group #141","graphCoordinates":{"x":4987.1,"y":3696},"blocks":[{"id":"h3bdzhlt9iw6zwk67ytlhm2h","outgoingEdgeId":"npyqvqwf4f392g4q1s8cwuxn","type":"Wait","options":{"secondsToWaitFor":"3"}}]},{"id":"d8zocy5rn3lnvbq79b4m6pc5","title":"Group #142","graphCoordinates":{"x":4985.69,"y":3844.59},"blocks":[{"id":"r2rersp0zy27a4qn28srs572","outgoingEdgeId":"ypz264tqhk6go010uqxvvxp0","type":"Wait","options":{"secondsToWaitFor":"3"}}]},{"id":"h98dmv8qxw63ofetgo3egnc9","title":"Group #143","graphCoordinates":{"x":4998.53,"y":4260.29},"blocks":[{"id":"ab8653wqaq7siht4i7ciw5hl","outgoingEdgeId":"cwsc67yrvorl4a3pov3rhc35","type":"Wait","options":{"secondsToWaitFor":"3"}}]},{"id":"nzj2os41z5x2kjcecxc1mr4y","title":"Group #144","graphCoordinates":{"x":4999.96,"y":4107.41},"blocks":[{"id":"t0c20otyre0wxyc78u8pkn0z","outgoingEdgeId":"oj4xgi2e7vz7wdz5oorjfy80","type":"Wait","options":{"secondsToWaitFor":"3"}}]},{"id":"icbdvo9vu74qbo7pqs6xoymo","title":"Group #145","graphCoordinates":{"x":5338.534907656238,"y":3341.727602208338},"blocks":[{"id":"zf72bjsixsgfr004pln2vt51","outgoingEdgeId":"gst5dvyubbsl5d7xfdkoiycg","type":"text","content":{"richText":[{"type":"p","children":[{"text":"Aqui esta o link."}]}]}}]},{"id":"kbm05x3s03y9ytd1yg11jv5n","title":"Group #146","graphCoordinates":{"x":5339.97,"y":3494.59},"blocks":[{"id":"ee55alj0dsuhikyaazsvqxra","outgoingEdgeId":"gav6buvgaa2u2lt082q9pt0x","type":"text","content":{"richText":[{"type":"p","children":[{"text":"Ok."}]}]}}]},{"id":"mjmckyeltwcdq6sav1s4mynl","title":"Group #147","graphCoordinates":{"x":5354.25,"y":3700.29},"blocks":[{"id":"rbtzua0kvyn4mgxbxqj3jxo0","outgoingEdgeId":"uvn20huz60irrb95jsupgpww","type":"text","content":{"richText":[{"type":"p","children":[{"text":"Aqui esta o link."}]}]}}]},{"id":"pyvaydmb4f0uur9v7s1hopsm","title":"Group #148","graphCoordinates":{"x":5349.96,"y":3858.87},"blocks":[{"id":"csc1w4zikz43pcfwcisustup","outgoingEdgeId":"r0228k314sp2rmk2nm9ivx2x","type":"text","content":{"richText":[{"type":"p","children":[{"text":"Ok."}]}]}}]},{"id":"vrmspnb7s9ppgwnnr8sfcoho","title":"Group #149","graphCoordinates":{"x":5364.24,"y":4110.29},"blocks":[{"id":"hhv3jqzpgoc3tlo1d7gpc8e4","outgoingEdgeId":"bwq1eqnjqdkz4nmcbs7vnn55","type":"text","content":{"richText":[{"type":"p","children":[{"text":"Aqui esta o link."}]}]}}]},{"id":"grx1dbhs2o4m66vhep1amz88","title":"Group #150","graphCoordinates":{"x":5365.68,"y":4258.83},"blocks":[{"id":"mqfeem35q1gcl2tfaalatf6y","outgoingEdgeId":"fmbxl2oryajk3fjlt99aidug","type":"text","content":{"richText":[{"type":"p","children":[{"text":"Ok."}]}]}}]},{"id":"oqlnwh42iuyra2114umh9kbx","title":"Group #151","graphCoordinates":{"x":5698.429087550418,"y":4166.489499502316},"blocks":[{"id":"f69ujygdaohue926x38gzk2w","outgoingEdgeId":"omjva6s7e4qple6g6u19apct","type":"Wait","options":{"secondsToWaitFor":"3"}}]},{"id":"tjn35105rkcvf2ytk6qnca2m","title":"Group #152","graphCoordinates":{"x":5676.206865328196,"y":3736.859869872687},"blocks":[{"id":"fzymeyd2b05b9i8k0zx53tbm","outgoingEdgeId":"g4qpguhrtdmmktd540s5w2lz","type":"Wait","options":{"secondsToWaitFor":"3"}}]},{"id":"pz2ikj47dnomymzoiifuvi90","title":"Group #153","graphCoordinates":{"x":5676.206865328196,"y":3365.008018020835},"blocks":[{"id":"vmambvpm5apxy9rizjcq7scx","outgoingEdgeId":"ouyk77nyyhed7m8otv6id47w","type":"Wait","options":{"secondsToWaitFor":"3"}}]},{"id":"mwe8mhhlerh8e4ku0qvztrm2","title":"Group #154","graphCoordinates":{"x":6028.8,"y":3359.09},"blocks":[{"id":"u9mb569sv2mojxl6ufqzjhg3","type":"text","content":{"richText":[{"type":"p","children":[{"text":""},{"url":"https://www.amazon.com.br/iluminado-Stephen-King/dp/8581050484","type":"a","children":[{"text":"https://www.amazon.com.br/iluminado-Stephen-King/dp/8581050484"}]},{"text":""}]}]}}]},{"id":"rtudcqtdyir9jekt3gd5rcml","title":"Group #155","graphCoordinates":{"x":6028.799457920788,"y":3744.267277280094},"blocks":[{"id":"scjafypsj3r35e75v649zy78","type":"text","content":{"richText":[{"type":"p","children":[{"text":""},{"url":"https://www.amazon.com.br/Garota-do-Lago-Charlie-Donlea/dp/856240988X","type":"a","children":[{"text":"https://www.amazon.com.br/Garota-do-Lago-Charlie-Donlea/dp/856240988X"}]},{"text":""}]}]}}]},{"id":"tq1gpx0qsl9qdhkujqtwbo0x","title":"Group #156","graphCoordinates":{"x":6030.31,"y":4167.98},"blocks":[{"id":"rivghy3twwamrbwaz4ayir6g","type":"text","content":{"richText":[{"type":"p","children":[{"text":""},{"url":"https://www.amazon.com.br/Homem-Giz-C-J-Tudor/dp/8551002937","type":"a","children":[{"text":"https://www.amazon.com.br/Homem-Giz-C-J-Tudor/dp/8551002937"}]},{"text":""}]}]}}]},{"id":"v8ol0zbaxujctedt0i11l00d","title":"Group #157","graphCoordinates":{"x":5821.93,"y":-314.51},"blocks":[{"id":"gg6bystuomwkdrkh11yo15n9","outgoingEdgeId":"jvxx0br002w3ilvdmilxjj55","type":"Wait","options":{"secondsToWaitFor":"3"}}]},{"id":"y7nz28krsmt9naws4wjdtmle","title":"Group #158","graphCoordinates":{"x":6173.44,"y":-356.33},"blocks":[{"id":"acbv958q8b29b26z8a4ux2hs","type":"choice input","items":[{"id":"ej6hzjn9rydteqhm2vj8kx3m","outgoingEdgeId":"yg0b46via3j7t891efh1z6cn","content":"Voltar para o inicio."},{"id":"oj6q266cpvl1w63bcaxmx90t","outgoingEdgeId":"rwz3xdzo09zxj2fa8iohd6s6","content":"Finalizar chat."}]}]},{"id":"stjdhz5ab2g72rc3any4jswk","title":"Group #159","graphCoordinates":{"x":6525,"y":-428},"blocks":[{"id":"ph0kt4m8kjz4csg0flxiv6dc","outgoingEdgeId":"r5n9ifkipe58ptyw33nog3oc","type":"Wait","options":{"secondsToWaitFor":"3"}}]},{"id":"g4i8z0ida40m920zlvsb1mk4","title":"Group #160","graphCoordinates":{"x":6516.78,"y":-226.28},"blocks":[{"id":"n5mfprafujcsh87f15e5hz24","outgoingEdgeId":"qtesfpq6xrb69ggl90f4gkne","type":"Wait","options":{"secondsToWaitFor":"3"}}]},{"id":"mtf73o9fhzq135qo9ey5lkoq","title":"Group #161","graphCoordinates":{"x":6890,"y":-413.66},"blocks":[{"id":"gp8ln6qe8ivpaxtahjk8zaow","outgoingEdgeId":"v7zia4kditagtxux35lkww5r","type":"text","content":{"richText":[{"type":"p","children":[{"text":"Ok"}]}]}}]},{"id":"dt4clnezc4t16ocyvxbwaddv","title":"Group #162","graphCoordinates":{"x":6895,"y":-224},"blocks":[{"id":"xnl9wvd2aeqwj9s5kmmsr37n","type":"text","content":{"richText":[{"type":"p","children":[{"text":"Foi um prazer te ajudar!"}]}]}}]},{"id":"mt4unv9sio2hjr60ui00u06n","title":"Group #157 (1)","graphCoordinates":{"x":5817.95,"y":127.37},"blocks":[{"id":"kvy6lolzop4k4xy594l562r9","outgoingEdgeId":"dqq9ci6zkmyrfr916ewfknaf","type":"Wait","options":{"secondsToWaitFor":"3"}}]},{"id":"uvh6thvfwghfs7lu0z37aaab","title":"Group #157 (2)","graphCoordinates":{"x":5820.07,"y":430.57},"blocks":[{"id":"hkx0p08cb334tc9l0bvb2olj","outgoingEdgeId":"pwe012t8sajgtk2osi3smj4w","type":"Wait","options":{"secondsToWaitFor":"3"}}]},{"id":"bsyec88uh0yrfpmt95lm0uzy","title":"Group #157 (3)","graphCoordinates":{"x":5828.75,"y":757.6},"blocks":[{"id":"an9cpanpapt53br4rloy4hop","outgoingEdgeId":"ze0loi4j72hp1cyjueq146rv","type":"Wait","options":{"secondsToWaitFor":"3"}}]},{"id":"kptdyteekktllhb9fk1ggkfr","title":"Group #157 (4)","graphCoordinates":{"x":5833.07,"y":1145.26},"blocks":[{"id":"wcy0qwezr7qntwudr1mu5ptm","outgoingEdgeId":"v82g5o8k6fo8jo5st8o335t1","type":"Wait","options":{"secondsToWaitFor":"3"}}]},{"id":"lg53dkt64bxjh5hzzsfnbhvu","title":"Group #158 (1)","graphCoordinates":{"x":6168.75,"y":62.39},"blocks":[{"id":"d4cvqkofipvzt1nqfv5pz59k","type":"choice input","items":[{"id":"td7b8m9yp6utqnd455wdijlo","outgoingEdgeId":"dh1tugnhk0j4gkiqg12x620v","content":"Voltar para o inicio."},{"id":"scc6080owpejmd7wdfxq1fv9","outgoingEdgeId":"vw5huiaopq3rnm0u4czi11wd","content":"Finalizar chat."}]}]},{"id":"ur3rawaf37i4r4tchv0ioexl","title":"Group #169","graphCoordinates":{"x":6173.07,"y":387.25},"blocks":[{"id":"reyhzvn07z68s7hkfs4n017n","type":"choice input","items":[{"id":"df4gtpi0ukkahzsi6ytnzus6","outgoingEdgeId":"kyqurtlwjrjwij7p8p518lrz","content":"Voltar para o inicio."},{"id":"yqxkamu9rvcd6rtc3w4vb318","outgoingEdgeId":"klxl9gt6ue11a7okplpfj1s8","content":"Finalizar chat."}]}]},{"id":"wpefpwr6xsizyx4s5qwlgm9g","title":"Group #158 (2)","graphCoordinates":{"x":6177.39,"y":688.2},"blocks":[{"id":"cuvw7hpuid5bwpxy6e0pzs94","type":"choice input","items":[{"id":"n3ivyu95vlovnjajoykp69bs","outgoingEdgeId":"e0ha6i2t2wm2wzujcotkh5a1","content":"Voltar para o inicio."},{"id":"eem4kyf56o8pbea0y0vp0u20","outgoingEdgeId":"fwwxnsf43hics7zmifirc0re","content":"Finalizar chat."}]}]},{"id":"ccuc9441buuawhd3d6ut3wmt","title":"Group #158 (3)","graphCoordinates":{"x":6175.21,"y":1080.32},"blocks":[{"id":"lh9p10z3x9oe1f9v0ckorpju","type":"choice input","items":[{"id":"rqscyc2t0zrgdk1db1965l4n","outgoingEdgeId":"iu8c9ycbg44e8sryc5bh3bfh","content":"Voltar para o inicio."},{"id":"bxils1geh1l4lva9b4n8a3hg","outgoingEdgeId":"md3gh5umq6tfjwrt9v8l2zf2","content":"Finalizar chat."}]}]},{"id":"onta7qldayon8gl8i2ifh0j2","title":"Group #159 (1)","graphCoordinates":{"x":6517.463077376958,"y":190.08050478736115},"blocks":[{"id":"rzrxzc2arubir7gkzj8ck802","outgoingEdgeId":"r5n9ifkipe58ptyw33nog3oc","type":"Wait","options":{"secondsToWaitFor":"3"}}]},{"id":"kdekg7saon3tmst28hmss03t","title":"Group #159 (2)","graphCoordinates":{"x":6517.45,"y":31.97},"blocks":[{"id":"i7qpoivn5trykj5cox9pfx4q","outgoingEdgeId":"r5n9ifkipe58ptyw33nog3oc","type":"Wait","options":{"secondsToWaitFor":"3"}}]},{"id":"lbj6uien9nvo1pkswzlvakpo","title":"Group #159 (3)","graphCoordinates":{"x":6528.26,"y":378.5},"blocks":[{"id":"tw5ujdodh5fvz8sdeuy6a1sy","outgoingEdgeId":"r5n9ifkipe58ptyw33nog3oc","type":"Wait","options":{"secondsToWaitFor":"3"}}]},{"id":"lkzcxs7x748jmz0k0vrzm1p3","title":"Group #159 (4)","graphCoordinates":{"x":6530.47,"y":543.11},"blocks":[{"id":"p1ouq2me1v03juo6aml3bsbw","outgoingEdgeId":"r5n9ifkipe58ptyw33nog3oc","type":"Wait","options":{"secondsToWaitFor":"3"}}]},{"id":"gns1zgnw0va02xp24zbtqpdr","title":"Group #159 (5)","graphCoordinates":{"x":6530.43,"y":859.36},"blocks":[{"id":"co4f9irr6tunp11ra5ningjk","outgoingEdgeId":"r5n9ifkipe58ptyw33nog3oc","type":"Wait","options":{"secondsToWaitFor":"3"}}]},{"id":"zx1pbea48rw2zwmpibq6xrmq","title":"Group #177","graphCoordinates":{"x":6528.23,"y":705.58},"blocks":[{"id":"alybogr8x0jpdjst2ic42vtt","outgoingEdgeId":"r5n9ifkipe58ptyw33nog3oc","type":"Wait","options":{"secondsToWaitFor":"3"}}]},{"id":"oyktj3d483f7krcm9e2hnfvc","title":"Group #159 (6)","graphCoordinates":{"x":6508.8,"y":1054.28},"blocks":[{"id":"xb4gyd15sy1959gvo7ujztk5","outgoingEdgeId":"g8o2rwi1ncywex1kfiddq3qe","type":"Wait","options":{"secondsToWaitFor":"3"}}]},{"id":"yyqxiboavul14kc30sgpwy7w","title":"Group #159 (7)","graphCoordinates":{"x":6515.28,"y":1214.57},"blocks":[{"id":"w0wutxmtosyyoufo3ytklxim","outgoingEdgeId":"ny6q4apybhjeu07a1mb8njxn","type":"Wait","options":{"secondsToWaitFor":"3"}}]},{"id":"ntd0ijv1l40hd7sguukrsb0h","title":"Group #161 (1)","graphCoordinates":{"x":6858.33,"y":14.4},"blocks":[{"id":"ofqhk8ee0bsvkvgxsjwdaott","outgoingEdgeId":"bph6bf1cq9hscky8d7lklctw","type":"text","content":{"richText":[{"type":"p","children":[{"text":"Ok"}]}]}}]},{"id":"m1xrq6kvcj95wy0d0n748zx6","title":"Group #161 (2)","graphCoordinates":{"x":6863.5,"y":379.55},"blocks":[{"id":"a9a31extcaz6vibhicfm9vyo","outgoingEdgeId":"qclum2b2uxn343tnpg30adoy","type":"text","content":{"richText":[{"type":"p","children":[{"text":"Ok"}]}]}}]},{"id":"bniwcys1hvbbxx3t1az5wmo4","title":"Group #161 (3)","graphCoordinates":{"x":6876.7,"y":704.79},"blocks":[{"id":"b013twgh1g752znz0f9rlg1y","outgoingEdgeId":"gcpyyy4zelgs9xl0o4yzx773","type":"text","content":{"richText":[{"type":"p","children":[{"text":"Ok"}]}]}}]},{"id":"clbt07f1pfdloasn6wzhsoui","title":"Group #161 (4)","graphCoordinates":{"x":6858.51,"y":1058.4},"blocks":[{"id":"lbn7w3i4pfzffg13ixubeibb","outgoingEdgeId":"eara3jclp35q4mx6yjb3fygs","type":"text","content":{"richText":[{"type":"p","children":[{"text":"Ok"}]}]}}]},{"id":"mln1ags8eemzmr7aod5eak5l","title":"Group #162 (1)","graphCoordinates":{"x":6862.21,"y":192.03},"blocks":[{"id":"baidwypvncfj78v0iyyhfc6o","type":"text","content":{"richText":[{"type":"p","children":[{"text":"Foi um prazer te ajudar!"}]}]}}]},{"id":"sqrb25nkbxk5biz68h1qo5rm","title":"Group #162 (2)","graphCoordinates":{"x":6867.73,"y":547.04},"blocks":[{"id":"n9a89lxg2oh90am1t3n3ez1z","type":"text","content":{"richText":[{"type":"p","children":[{"text":"Foi um prazer te ajudar!"}]}]}}]},{"id":"ztsh44r5h429tec7e4c6kaf2","title":"Group #162 (3)","graphCoordinates":{"x":6865.87,"y":861.59},"blocks":[{"id":"f9pt5t6z9bkyp2y0uooqnx4v","type":"text","content":{"richText":[{"type":"p","children":[{"text":"Foi um prazer te ajudar!"}]}]}}]},{"id":"jikf97oiiil7nlw6808k14om","title":"Group #162 (4)","graphCoordinates":{"x":6860.37,"y":1223.94},"blocks":[{"id":"zc966xe903ykcqtavvyfbaue","type":"text","content":{"richText":[{"type":"p","children":[{"text":"Foi um prazer te ajudar!"}]}]}}]},{"id":"qteb6yj115ccwz72p3wyahsf","title":"Group #157 (5)","graphCoordinates":{"x":5891.55,"y":1620.2},"blocks":[{"id":"pomq9wwtcwdosnzoy76c9agn","outgoingEdgeId":"znzv9wn87t08maew25o7n9jt","type":"Wait","options":{"secondsToWaitFor":"3"}}]},{"id":"cverf9sff7i0koczwbbflg3w","title":"Group #157 (6)","graphCoordinates":{"x":5885.87,"y":1984.08},"blocks":[{"id":"mbn4qqfc95m0tazb0fwx0ktj","outgoingEdgeId":"v82g5o8k6fo8jo5st8o335t1","type":"Wait","options":{"secondsToWaitFor":"3"}}]},{"id":"g22j0ri97dh6t1mwgptyr9co","title":"Group #157 (7)","graphCoordinates":{"x":5893.42,"y":2306.45},"blocks":[{"id":"hiet278lfuf6anxzq3zvp3ny","outgoingEdgeId":"s5m6mmz8hbg2r03wdwjfvdu6","type":"Wait","options":{"secondsToWaitFor":"3"}}]},{"id":"fjlc31o6md2vs9rf4z7cc6fb","title":"Group #158 (4)","graphCoordinates":{"x":6238.41,"y":1567.41},"blocks":[{"id":"wninuu5fcjyzf1rg7rbntxzz","type":"choice input","items":[{"id":"w7h4lku451tlzfbpb60qs6on","outgoingEdgeId":"pbaocqabnx2a4pyi9cr3uolz","content":"Voltar para o inicio."},{"id":"oa2go1gh7uto5qgugj2ca63c","outgoingEdgeId":"bzsyyj3fttckkf9gyxqvl6d7","content":"Finalizar chat."}]}]},{"id":"hloywdfkw5btqy1tnb891307","title":"Group #158 (5)","graphCoordinates":{"x":6253.52,"y":1931.27},"blocks":[{"id":"txe2xfmsji1qz71h7ifwlmw8","type":"choice input","items":[{"id":"g2a5g7x8yf05ik0b1hwv6dvn","outgoingEdgeId":"uks5p8hnowmxb1ewclglrbx2","content":"Voltar para o inicio."},{"id":"usyun8g30pt5b6k32484r69k","outgoingEdgeId":"pjxsckji2jjvrge8gxi50dcp","content":"Finalizar chat."}]}]},{"id":"b6wzecxcn6ai08hnisaijfer","title":"Group #158 (6)","graphCoordinates":{"x":6244.11,"y":2274.43},"blocks":[{"id":"qaas7zwd57ghkfesr9ji4ftw","type":"choice input","items":[{"id":"q5nwe0ajkurtouuj0u1jfuef","outgoingEdgeId":"ehjvaqv5r30szs2iklpq732k","content":"Voltar para o inicio."},{"id":"fsgeumruxlwj0t04npewosof","outgoingEdgeId":"ajr90ceg6s1qhcvntjiqmkic","content":"Finalizar chat."}]}]},{"id":"by0gt7xgzza6uir53umtut1w","title":"Group #159 (8)","graphCoordinates":{"x":6577.84,"y":1554.2},"blocks":[{"id":"k32ntmcnahvc0qmuwfqw2ynt","outgoingEdgeId":"ohj84963upucn4xe1puhc8rj","type":"Wait","options":{"secondsToWaitFor":"3"}}]},{"id":"d8jyfrp5d5g6engmm3va1b4g","title":"Group #159 (9)","graphCoordinates":{"x":6577.79,"y":1706.93},"blocks":[{"id":"y67ppfbqxcrmw6ake907eybb","outgoingEdgeId":"xiyybu9ocu3gxtww6tz8y7xx","type":"Wait","options":{"secondsToWaitFor":"3"}}]},{"id":"hbqctctgfwrtl4z2zc4rlob7","title":"Group #159 (10)","graphCoordinates":{"x":6579.73,"y":2272.52},"blocks":[{"id":"im64wdfhfhvgznswx2ba540e","outgoingEdgeId":"rkr9hz0t4g6yw9b1yet18kl7","type":"Wait","options":{"secondsToWaitFor":"3"}}]},{"id":"pdwsg1w0f2vxua1l6jkpkkuz","title":"Group #159 (11)","graphCoordinates":{"x":6596.73,"y":2089.69},"blocks":[{"id":"g4jntb6072is0ohwfs1a8hcl","outgoingEdgeId":"h4i8vxqmcwbrm05ty5cqoa9o","type":"Wait","options":{"secondsToWaitFor":"3"}}]},{"id":"kq1a28xtylm3hlxtyaea85nf","title":"Group #159 (12)","graphCoordinates":{"x":6590.99,"y":1931.28},"blocks":[{"id":"u7l2zm01h6lsbx52urdq416a","outgoingEdgeId":"imnqein2zpvadopdeblfggvl","type":"Wait","options":{"secondsToWaitFor":"3"}}]},{"id":"jtgunoteidivxum4frd92rpu","title":"Group #159 (13)","graphCoordinates":{"x":6585.38,"y":2429.02},"blocks":[{"id":"bo3uohj9rs4ph44b43k4mbqb","outgoingEdgeId":"gv4ch7uyzfg74u99lg8j6z5h","type":"Wait","options":{"secondsToWaitFor":"3"}}]},{"id":"k1tvdcrlxg6sguzlnvvrnkne","title":"Group #161 (5)","graphCoordinates":{"x":6900.19,"y":1554.21},"blocks":[{"id":"hxvdub4ka11td0b62kr50i5j","outgoingEdgeId":"wd3braqqfh9f5jzq5tmf74zt","type":"text","content":{"richText":[{"type":"p","children":[{"text":"Ok"}]}]}}]},{"id":"hxb63ipuq3847e7czyon6wl2","title":"Group #161 (6)","graphCoordinates":{"x":6911.51,"y":1933.14},"blocks":[{"id":"nae8xzmo6u2v6ur4gb7190ah","outgoingEdgeId":"h5fn3b1uzdauvq7nrhrj3teb","type":"text","content":{"richText":[{"type":"p","children":[{"text":"Ok"}]}]}}]},{"id":"sr7dd02kk6l1crzv8o1gn9zj","title":"Group #161 (7)","graphCoordinates":{"x":6917.18,"y":2274.4},"blocks":[{"id":"xs58mp5v2eemy8p9c1neecqy","outgoingEdgeId":"iyogq6zvx8aqhhe1f4gab0bo","type":"text","content":{"richText":[{"type":"p","children":[{"text":"Ok"}]}]}}]},{"id":"mk9p62x8tw8nqchfu315vwj9","title":"Group #162 (5)","graphCoordinates":{"x":6911.73,"y":1712.26},"blocks":[{"id":"c5lg26ooq6iq3p25bb8k6gh1","type":"text","content":{"richText":[{"type":"p","children":[{"text":"Foi um prazer te ajudar!"}]}]}}]},{"id":"ard0y5zet5ixko6c31533mnn","title":"Group #162 (6)","graphCoordinates":{"x":6918.31,"y":2101.5},"blocks":[{"id":"r72g413yxr8pdpr4ytodkf4e","type":"text","content":{"richText":[{"type":"p","children":[{"text":"Foi um prazer te ajudar!"}]}]}}]},{"id":"fhtl234zd84zatxw6ufoci5q","title":"Group #162 (7)","graphCoordinates":{"x":6923.28,"y":2437.96},"blocks":[{"id":"c5r5cmap6gc22swalhghkb9e","type":"text","content":{"richText":[{"type":"p","children":[{"text":"Foi um prazer te ajudar!"}]}]}}]}],"edges":[{"id":"zbln8ftikpxnt5hzhl8h9zrz","from":{"blockId":"tc88ia38e3mdees06wuigoh9"},"to":{"groupId":"hb4o49k4k11gam0437cthxu1","blockId":"pu1vrlgpwz3u1jww7z0m1338"}},{"id":"cj8id49l1nsr0qa92pwghptv","from":{"blockId":"uhcalk3vgxk9l249f2ku4723"},"to":{"groupId":"umfj3inccmyems7fowmjvyi2"}},{"id":"lmex786b8ub376ufhut87la8","from":{"blockId":"dszdc61j0dbsiok842p0mhtx"},"to":{"groupId":"calr6hwj3q1nthh334h9v4j5"}},{"id":"slokkpamauc1r7c13jfnjgm2","from":{"blockId":"pu1vrlgpwz3u1jww7z0m1338"},"to":{"groupId":"iw986ij6rhcf3i2ca96sdr54"}},{"id":"rdc3la3u0hp0aopkjmqgn45h","from":{"blockId":"ekh99arg3w3gatvd9hotx7n5"},"to":{"groupId":"zizrbnakevr9zyx3p2t1bbcf"}},{"id":"htrdhvr834v8itbhf3qs0wjk","from":{"eventId":"y7wy86gzduhh8la4weytj6py"},"to":{"groupId":"ywsrsgeon1pynhtdssdjozpd"}},{"id":"eqwo9f5ib11pfidsaswbdlnn","from":{"blockId":"er77lca09lz1mn2b1bm3g8c4"},"to":{"groupId":"cydrw12q3h2u2cqb52r3qlp2","blockId":"zjp7v1417m05it51atwlb0p8"}},{"id":"ax7bj9nzlj5t8aw1va0ooyqm","from":{"blockId":"zjp7v1417m05it51atwlb0p8"},"to":{"groupId":"e9tivzzaiiy8m2qnwgd1xeas"}},{"id":"lebutyqsg3818me3og0pvgf5","from":{"blockId":"vqj91292na9jstx9mavcx6ka"},"to":{"groupId":"yx1pznnvbdtpsupax6dj3eht"}},{"id":"a62mefe61zy8yudnb2oe4t6n","from":{"blockId":"j51z75nvyro1ojgnxt2kxbrz","itemId":"kchbxgjx3fzmd93yxzjiv4ua"},"to":{"groupId":"zg5jr7h3s80mi9w81zlraaa6"}},{"id":"yy950x2cce9e9fsg6oa2pzdx","from":{"blockId":"j51z75nvyro1ojgnxt2kxbrz","itemId":"wahjm992cg62iry670ds134f"},"to":{"groupId":"l42kmtuc8t2uqjx49qhrz34l","blockId":"p2wi9halqokrwae7q3c06yu3"}},{"id":"qvk8zo5sydodvrvj8pputcaj","from":{"blockId":"t1k0ymrqyg8felsvft0c2pa5"},"to":{"groupId":"i3dbbbk4mg504vzupiy7l6nl","blockId":"rwyba0kafoncktkki5go0em1"}},{"id":"k4rz4yv6zkqtyo0zpnz0pyfq","from":{"blockId":"rwyba0kafoncktkki5go0em1"},"to":{"groupId":"suj6z8i1ohlr8ke6ayhi3cph","blockId":"kviaksg4uxgeceg4w6sxl90o"}},{"id":"omb3d9bpt0fmcwhrnrv849dz","from":{"blockId":"kviaksg4uxgeceg4w6sxl90o"},"to":{"groupId":"kn0oasalepqjd6wsk2vh0gz8"}},{"id":"j0263acfdgw8pvnmwp50txgu","from":{"blockId":"y4ynfx51v5pmcvd35c48oh4a","itemId":"nyms4h7d6nnxpzqt74zu0hyb"},"to":{"groupId":"wm6gftkvgyazljrl6zklae4f"}},{"id":"hgvqplmkwuj0dt8efj4xh6kv","from":{"blockId":"y4ynfx51v5pmcvd35c48oh4a","itemId":"h641ly1mmtlexw1zjk3sarrx"},"to":{"groupId":"nhaqpoew1lp6ieuxegb0rs4q","blockId":"fgc0so1zviy5v5rcr4fz0l6w"}},{"id":"rfd0m1lx6ifpruqn7f7hqr9k","from":{"blockId":"y4ynfx51v5pmcvd35c48oh4a","itemId":"nxy3e4xxgeqczhxzht2wuoij"},"to":{"groupId":"utq9pcd41upgzho2j7pk9o73","blockId":"oadvdvjfy3b1sz2msnv2cx1w"}},{"id":"bjgwsx2wioqse603iknmjjw4","from":{"blockId":"p2wi9halqokrwae7q3c06yu3"},"to":{"groupId":"y0hc9xwkhfw2zbbis4uhsbhu"}},{"id":"c1bkj6vyhiwjrg48q0xisgkj","from":{"blockId":"fg982pv412zbv1ytt5kpz4nb"},"to":{"groupId":"mc9il2r3qlasc26psu09xg77"}},{"id":"u6xc8yuvuvnusfa92zhughgd","from":{"blockId":"t3xffbyqlxmf8ru4wurinq9g"},"to":{"groupId":"nmidqb8j530dy84q5qrz2cyh"}},{"id":"iphsdkk49nlc6wpu2cpnk6kr","from":{"blockId":"nirafbaz3pul17eoinaavkck","itemId":"o99a6zjvi271s8vrkryox3mq"},"to":{"groupId":"xrq1ap55fp8a7oitfvs8ub1z","blockId":"uns77tsf9wj62mq0m1devawi"}},{"id":"vulrf1mw85jnjf6ir1pcba6m","from":{"blockId":"nirafbaz3pul17eoinaavkck","itemId":"dubhpqtnoaikldnmef4x0hsz"},"to":{"groupId":"kwda3p47xmzgomz8i9ajdp3x"}},{"id":"w0kc5ova5dq29h8ektnutvs4","from":{"blockId":"nirafbaz3pul17eoinaavkck","itemId":"t90fl3m51q4jn0s0b4e7st5b"},"to":{"groupId":"kba8be4n3hu1i90sknprc3lw","blockId":"kwhxn3afqx3wryyhqkcur9tl"}},{"id":"quwio4remim2l93927qzrhq9","from":{"blockId":"nirafbaz3pul17eoinaavkck","itemId":"emd02jw83mbsus92l4obskd5"},"to":{"groupId":"kf2mv1w961617w4qbadjpfnp"}},{"id":"duyvhk4dbk0nldb99uqdsuwz","from":{"blockId":"p7y7lr7pphg8a9e9iq16a6hl"},"to":{"groupId":"fa2qqx4r0317qi6gf8xacae9"}},{"id":"hue1bsg1snxtextaq03oqu84","from":{"blockId":"njx3t2rpooutgl82454a0w2t","itemId":"k3yjor06cpv09wqnehdcbkng"},"to":{"groupId":"t1snvgaqkswcb4x1wlhxfx7c"}},{"id":"j4qgpgz9c56jr92el1ffscn4","from":{"blockId":"he778q5pgg8e9lz9qkyllvw1"},"to":{"groupId":"ic9uwpsx5xlcpzmv9lc2dgt1"}},{"id":"kemdxxrgm7h38rbzk7gcbxka","from":{"blockId":"njx3t2rpooutgl82454a0w2t","itemId":"scxjq10nt7xkw0nlpv375l4k"},"to":{"groupId":"x0l03yfs088yxny6nzof7mnj"}},{"id":"a61mzwtkxxqvl8kj8r3hx6if","from":{"blockId":"njx3t2rpooutgl82454a0w2t","itemId":"r4hz047b9ugspbxa41iu34f1"},"to":{"groupId":"qa9g4hp0gsvl6acspog25vnd"}},{"id":"wckd0jztx1ihe55lwzgdwwqa","from":{"blockId":"njx3t2rpooutgl82454a0w2t","itemId":"krvfnnyg4ha6ta9wpsrvhj7h"},"to":{"groupId":"wx2i0ypyc8hqfo9xe3mb38h6"}},{"id":"kduy5tlu8hrcodjj64yqrvru","from":{"blockId":"njx3t2rpooutgl82454a0w2t","itemId":"fbylpmajftrtygcnq2fnwbho"},"to":{"groupId":"ca02wsxs3jljwcqbnn9vhoaa"}},{"id":"z2o4ue1ml5zr3zogjkgbxror","from":{"blockId":"eulprl6mnha7dw4zisbyyl5m"},"to":{"groupId":"jy19bua897wpsh6wzr0j4ji0","blockId":"w4s498res5epyahjfn20h9i7"}},{"id":"mp3hppbfk90m8ed0g7mvkqxj","from":{"blockId":"pfihfozvp785yggptfzleysa"},"to":{"groupId":"iubkru9yqc2jqtwemdqahscc","blockId":"ndy6t6mzzod1vtuw6d40v3wx"}},{"id":"qg8wg6xxhbbtmgsy1p8jh03u","from":{"blockId":"licfokbwvxqgncdz3nl11pq3"},"to":{"groupId":"yvwps2tlyv5coyriji1mhiqi"}},{"id":"kg5t8e4tbalkyswvi01y7zj5","from":{"blockId":"b8jgjegc2ruvezbmvjkg239m"},"to":{"groupId":"m61i8nro13kkaeo6hu4nkxo6","blockId":"c85qgt53j3zc6xagxczg2sgh"}},{"id":"ppzlx26b4ea2l6jwnvk3zv0z","from":{"blockId":"j217ekzlf6lot0tekj2lu3dt"},"to":{"groupId":"y1662kq4c449mybrkmpcdtvq"}},{"id":"pgqiabbbz51aq3q76kkljakg","from":{"blockId":"aanydcblbwmzffw6j7mxkpnz"},"to":{"groupId":"mirbqfxfumat2txjybozjqtm"}},{"id":"xc5oiedkihh6q8y64f86lx0m","from":{"blockId":"w4s498res5epyahjfn20h9i7"},"to":{"groupId":"xgjh18kx2jpwvibuvyesbdn8","blockId":"by52ixhbmwbupltmc26e5yo2"}},{"id":"uti7laefzlejk3ozz401p2jt","from":{"blockId":"ndy6t6mzzod1vtuw6d40v3wx"},"to":{"groupId":"fxsa1cmw5l1pwk90p7uc44yf"}},{"id":"blvktgrl3jq2zk4d8hz4tk4a","from":{"blockId":"z3crerps72axxkt816diqe6y"},"to":{"groupId":"uu6uqupgp6cgi9xl08jmn8xw"}},{"id":"jy1qyhvf4v01pl1r0uvfbkiv","from":{"blockId":"c85qgt53j3zc6xagxczg2sgh"},"to":{"groupId":"hiefaaubhqj1hs75vsfryg9x","blockId":"b6e44077yspykdpywnnqtf24"}},{"id":"l8ycju4ic55dqi4qzso7at6v","from":{"blockId":"b6e44077yspykdpywnnqtf24"},"to":{"groupId":"y6100yryde8ecjvbzmqg4g3c","blockId":"ilgbmkp0d7ci199fjndy9hyh"}},{"id":"cmiafmm6cqj1dufuygz7d5fl","from":{"blockId":"xxldn9z8e2arwa7km20qf4r0"},"to":{"groupId":"rnaj5cid4ieh7p8krmqyb2l2","blockId":"ub6wjlkvdohe1hxyvvgl0c2g"}},{"id":"kb31frhh172yyxsq6dhdqk2f","from":{"blockId":"by52ixhbmwbupltmc26e5yo2"},"to":{"groupId":"vwlfeallr0giw9etuk3ml3gr","blockId":"d38q02p5gfcsp1ibnxmqlbqn"}},{"id":"w3cqdwtabgcls2qlcfz77cno","from":{"blockId":"s9b3s1cgz033ux43p0x4xzl3"},"to":{"groupId":"dyzsnzfxdrobwavv80wetue8","blockId":"rpokm7kt5x75gavq7n2k3jxb"}},{"id":"u4veeqxayq6dzn1pog8a879x","from":{"blockId":"d38q02p5gfcsp1ibnxmqlbqn","itemId":"gakstkf28087nuqhgc8483f7"},"to":{"groupId":"ymm0eovcx2l861tys3sd7pud","blockId":"oy8l6u2j8b8q7tjnvgyolskq"}},{"id":"ip5728fy0svnrnwzfw5y3rx5","from":{"blockId":"d38q02p5gfcsp1ibnxmqlbqn","itemId":"ysnmphxl53gq4xw2ilaztoho"},"to":{"groupId":"qkikdip6uptj9494zkbxt1yx"}},{"id":"kjh65z77zq7p1ha30cee38b5","from":{"blockId":"rpokm7kt5x75gavq7n2k3jxb","itemId":"gycl16j1av80iatvneiwkq5w"},"to":{"groupId":"c89eq89wmtud0r3wkbxlepwq","blockId":"g5p3xxmv94dz29qswu1v7i0d"}},{"id":"g88b2s0fp3dp99odqgv5oxei","from":{"blockId":"rpokm7kt5x75gavq7n2k3jxb","itemId":"z2dvpgs1l3alh1xfq79ydthe"},"to":{"groupId":"e3ab5hfnkzfz0b17fygiglmh","blockId":"qck6a3xyit9rc2q8f9eb7a3w"}},{"id":"qlxg8625zo02vzpxre19m7ot","from":{"blockId":"ub6wjlkvdohe1hxyvvgl0c2g","itemId":"uada53jmlbi0r60808awl7k5"},"to":{"groupId":"mwajuoqyervefcwkjr5e00vf"}},{"id":"cbz0i7bmlrf086p5qc2ipmf8","from":{"blockId":"ub6wjlkvdohe1hxyvvgl0c2g","itemId":"vdsjpk7kzdkij8mp9ax4mwmp"},"to":{"groupId":"fzmt5knhn2j0l3plpr7cy2xt","blockId":"ixqwc7ksip2ie8o38sbdh53o"}},{"id":"bomddqpteyf6an0yfh77jk8t","from":{"blockId":"ilgbmkp0d7ci199fjndy9hyh","itemId":"inxipyuagtgo4hcoe7z9zjgm"},"to":{"groupId":"lval1k761dgt65hdc1bfd1oo"}},{"id":"fs5k8btpy050cyd1xp4ayz6q","from":{"blockId":"ilgbmkp0d7ci199fjndy9hyh","itemId":"tbo33h56eu1bp6exbx31opb4"},"to":{"groupId":"spgb8go1x4oamnsq3h5vum2u"}},{"id":"xxaou2oflwrh9hcr5pfa3209","from":{"blockId":"pwjt5sugwt0mykzomm5p0n7f","itemId":"zz6fisw00yt62bquedvs6vrt"},"to":{"groupId":"fmp8t1kdqhlknedb3tncw0u3"}},{"id":"qjipx6sfcwi1aup9vx2jg0zr","from":{"blockId":"pwjt5sugwt0mykzomm5p0n7f","itemId":"r1iekugr61m3bt8t7c7zpxow"},"to":{"groupId":"jh9i87bkbnexwpqxdmzj27ve"}},{"id":"r32fwudap4lbniblyv34q09t","from":{"blockId":"vuzpjeah6lw30xnm24yvl50k"},"to":{"groupId":"yei44tj81f23rhcawhiu4ro6","blockId":"kepj7cebwwcygvcysfzdcpdl"}},{"id":"kmuqpcdiphbxojdx3xs7nolf","from":{"blockId":"ta78r641o5b5z2uk33jed7k6"},"to":{"groupId":"aa52iqbszj8gpw95ope3x0sf"}},{"id":"jpe71s8twz2cbb2c5mbwiwnu","from":{"blockId":"ztu7s7poe9ragbpxtqjp417h"},"to":{"groupId":"ob6b363082zdpejunm2qdd5l"}},{"id":"mu8d9ngbiqdpxipzxw2wmh4s","from":{"blockId":"kepj7cebwwcygvcysfzdcpdl"},"to":{"groupId":"hn5o2wi2inamcu5vs1jy33dm"}},{"id":"jr64e569ricny1mepzemcmsk","from":{"blockId":"jvast2n57ko8y69yok4q11xh"},"to":{"groupId":"j4rqcf0pzn22zg05kiuh18c9"}},{"id":"k2scaisakzjxzgyv6dq632xg","from":{"blockId":"jzk4f05f8mfec5bmqgpqz3lu"},"to":{"groupId":"h51hgy1514jebd5htj8xihyn"}},{"id":"fg4ubgtc6szfh4mwxl2ule0d","from":{"blockId":"vexk33emqtfp8kv19xxt8ued"},"to":{"groupId":"ejasdi8sjqhmgmk5o1saxy3s"}},{"id":"ldlbxp32qola4oiagh8tpfb7","from":{"blockId":"m2xgn8i6m9iq4cptcit4iben"},"to":{"groupId":"s7pbnys1rq467ugtilc15ibw"}},{"id":"aqqjtrfyz19q9mled5y7mu9l","from":{"blockId":"uns77tsf9wj62mq0m1devawi"},"to":{"groupId":"yxenguyvbo13x0veohg03p0i","blockId":"fgh89yqcq9psz01h4qqe5cuz"}},{"id":"uc2qeqoegfcjzy7hqiov417e","from":{"blockId":"n0to8z78246s8goynvgbb4yp"},"to":{"groupId":"s53molljktfzl6agh4ixt0z2"}},{"id":"yetyroexposx0tojsvttucc4","from":{"blockId":"kwhxn3afqx3wryyhqkcur9tl"},"to":{"groupId":"y7bsjbqri5nnimap518wqjhx"}},{"id":"oafw7dc9g4b285r8qf7yp46g","from":{"blockId":"ejzin1xfefsehox6n5hj9hpz"},"to":{"groupId":"oll5ahji9epvp5qr9xhb74qv"}},{"id":"f4s0zoh8t7qwzbh9nl1neona","from":{"blockId":"e5mlht84fobrwbsegqjs3as7"},"to":{"groupId":"k199gua9r21m5kh0zv6duelm","blockId":"tg99hq5l3q92o1jb22a0qoap"}},{"id":"jux7w4wn0wqbwzh11rege4mv","from":{"blockId":"fgh89yqcq9psz01h4qqe5cuz"},"to":{"groupId":"mqxuk595wa4nidbe4sdybpe7","blockId":"krt194yyt7kpzzyd3y82nge3"}},{"id":"rxrr2acg48jp1hrlzjerx2qn","from":{"blockId":"krt194yyt7kpzzyd3y82nge3"},"to":{"groupId":"oax44o0a4mal6egsdw08xedv","blockId":"pdwtl9toqc751ibhs5ndxeqa"}},{"id":"anp68wlyoepcvlwo52hhua2c","from":{"blockId":"nidcsw2qqoujmzr1ng1746ut"},"to":{"groupId":"c1353l1mj52dpwi6b7fd2twu","blockId":"d8yziyr1raqz5dse9nk2ca8d"}},{"id":"tpx52ht27z409ll5dnox1enp","from":{"blockId":"tg99hq5l3q92o1jb22a0qoap"},"to":{"groupId":"svh7g4iwwicfqiovo71p5yk0"}},{"id":"nnydoaf8oifbyyka5mymiuja","from":{"blockId":"ech3wh0j19bt1qcd9n17w2ou"},"to":{"groupId":"mrs4gw6jws7eowojmxg22mtq"}},{"id":"aolgo83c82vm43masw6cojr7","from":{"blockId":"l0uixjpqur0wgxwnzp7exdro"},"to":{"groupId":"j4rqcf0pzn22zg05kiuh18c9","blockId":"njx3t2rpooutgl82454a0w2t"}},{"id":"l856ipj1u8izkd085ah52itx","from":{"blockId":"f19wkacgsil0nw5d3d3ww04u"},"to":{"groupId":"j4rqcf0pzn22zg05kiuh18c9","blockId":"njx3t2rpooutgl82454a0w2t"}},{"id":"b1sa8f5owfr319c0brt3t13e","from":{"blockId":"dm4rb15bc020zu2qhs51ec8y"},"to":{"groupId":"j4rqcf0pzn22zg05kiuh18c9","blockId":"njx3t2rpooutgl82454a0w2t"}},{"id":"xxhwk7w8dszo0s9xd399q1h9","from":{"blockId":"bl78kt25kexcvtg6o2q9fgm9"},"to":{"groupId":"j4rqcf0pzn22zg05kiuh18c9","blockId":"njx3t2rpooutgl82454a0w2t"}},{"id":"mb7nt4vlhsub2dcf7yi3f755","from":{"blockId":"xqs8riycbsbrwgq2u5ywanbc"},"to":{"groupId":"qjs5ff3yp8rotpm6t191s8p7","blockId":"uq11ymizyu19ll8hf5uyjr72"}},{"id":"dj3ju9kfigxmomvs4sbmjtge","from":{"blockId":"ixqwc7ksip2ie8o38sbdh53o"},"to":{"groupId":"b7j6zb6w187nccsvaoa4zcbw","blockId":"ups7rr5nqizqf6c739bozudv"}},{"id":"xa20uk5cpqp2i4d8hwr99auv","from":{"blockId":"qck6a3xyit9rc2q8f9eb7a3w"},"to":{"groupId":"daergb109ws56k7xtfxrembk","blockId":"gx7pt3p26vzcblop717a735i"}},{"id":"y0aeazm6qe18mupgvtb6e4ed","from":{"blockId":"ups7rr5nqizqf6c739bozudv"},"to":{"groupId":"jh648tcat2rf6v60hra2e0jj","blockId":"bqjx9ngq0ro9z6g3ufn3ifpg"}},{"id":"uwu0t56p9t71jl6dl5mf8mtb","from":{"blockId":"ghf93ahudgg1gbu4om0qf8pa"},"to":{"groupId":"s86hxis394kxuwj1j75os7u0","blockId":"oypxmt75yp3nj2pixc1b4cm1"}},{"id":"sd02w28yj5dev2ih5chh27w7","from":{"blockId":"oypxmt75yp3nj2pixc1b4cm1"},"to":{"groupId":"oaue2pqrvij7fkcawzx86ypo"}},{"id":"of9zvnk0blbeoxdzijngsvue","from":{"blockId":"gx7pt3p26vzcblop717a735i"},"to":{"groupId":"w662lrvf9l75h1gn0ao5gqyk","blockId":"mj6m3c11l2wul2ckkp3iaqab"}},{"id":"f243uy5e1qd23lovd7h2syut","from":{"blockId":"uq11ymizyu19ll8hf5uyjr72"},"to":{"groupId":"xykoqugvgfqke1pxhlw72k9h","blockId":"y0v5yja262z3t04i9krnlbww"}},{"id":"zvtvykz4qpxf310vkug8leb0","from":{"blockId":"y0v5yja262z3t04i9krnlbww"},"to":{"groupId":"w8c4o16n32c9hs4obt41rciu","blockId":"zwl3xaz0nn1c2dr2ujqsule1"}},{"id":"orbkck80d51xxhfvw6bffb3a","from":{"blockId":"bqjx9ngq0ro9z6g3ufn3ifpg"},"to":{"groupId":"g42u1v3uac712nib5tczd24c"}},{"id":"sziw021ffsd8mzst5a5fl3gk","from":{"blockId":"mj6m3c11l2wul2ckkp3iaqab"},"to":{"groupId":"tcpxcw5psbhtint9w1xlw8y2"}},{"id":"hmly7j19ha6djazhgd0yhmat","from":{"blockId":"k45ywp93z5lorw7nnj95kmwy"},"to":{"groupId":"wtosvin86zu5uqen0us53hoi"}},{"id":"kjnkkviao9nidyt1sd0w5198","from":{"blockId":"dd6cfnidc3blul96ccrjui7o"},"to":{"groupId":"j4rqcf0pzn22zg05kiuh18c9"}},{"id":"hfsvd9kzkb9cjw61cq8r3xao","from":{"blockId":"fgc0so1zviy5v5rcr4fz0l6w"},"to":{"groupId":"n6siis4rrgl5fgryara8ppf5"}},{"id":"zec8fnp4wx0x8y1s4d2cgj7f","from":{"blockId":"u1g1bgjneja7icbbmb4x7k11"},"to":{"groupId":"vl02gp4w6ftgxtd7w17aj9gp"}},{"id":"jos75rmacvf91vpeu5yzmbma","from":{"blockId":"qcf7qoysc0hb1gk3s8y4x0ss"},"to":{"groupId":"wuwqqc6rcxb4assjgiyl3b4w","blockId":"n8hm9g44tl4g2336619xfrht"}},{"id":"gc3ult66k4u7cfh3z1s87wwe","from":{"blockId":"n8hm9g44tl4g2336619xfrht","itemId":"an6k4mzz5zb6ka7e4q50z0jj"},"to":{"groupId":"nf90szox7knn50derubyooe2","blockId":"x4wwwhmvng4ypuly24fzxu1l"}},{"id":"pi3aznf70vtqrrxjn120u9ej","from":{"blockId":"n8hm9g44tl4g2336619xfrht","itemId":"g8k99upplerbo0o9ilsk72uu"},"to":{"groupId":"t9bupd4xz9evvh7sant2ebb8","blockId":"gk9aix9q22pul1hdy7md50jj"}},{"id":"iuaowowemje8l3q2gtiah4e1","from":{"blockId":"n8hm9g44tl4g2336619xfrht","itemId":"ehycyfp733kevrx5enqvoyu8"},"to":{"groupId":"s5v9j6xsecpdk1cnbgn4l9s7"}},{"id":"b92lyrlaqg6lqvej020wr39o","from":{"blockId":"x4wwwhmvng4ypuly24fzxu1l"},"to":{"groupId":"hxvlsb0g3ve7djgtct8vw5je"}},{"id":"reva6bvg7udyk92z0hgg4ei6","from":{"blockId":"gk9aix9q22pul1hdy7md50jj"},"to":{"groupId":"yh9r2hq02pkq3ik7rhgf13pz"}},{"id":"rlsjhz38y49m1nusww1su95g","from":{"blockId":"x731efhouaik8385rnb01n1q"},"to":{"groupId":"ld2v4ewjjk3pp0xebkzdl8cb","blockId":"n7wmzte6t0zyh4e0mi138lqb"}},{"id":"epginrgqgmqp0mvuumysd8hz","from":{"blockId":"bmx88gbtu9ea7fk5ldsjq03b"},"to":{"groupId":"yculsp90xf3xesn9xd2x2bb0","blockId":"agutxhyu17359kfzpydrolzh"}},{"id":"eyp3cp8j6prru640mb15nd6r","from":{"blockId":"k2u9qqa91qmwco3wljm33sku"},"to":{"groupId":"y98ewyheb161pwk8904njbet","blockId":"gsaok2sbhww7x305kkqkeglb"}},{"id":"e6iqcj52q2xoi6mthtadyohy","from":{"blockId":"n7wmzte6t0zyh4e0mi138lqb"},"to":{"groupId":"n57klfh32374ujxljpok7rht"}},{"id":"tmaeqkj70j81ea2mayoqgplg","from":{"blockId":"gsaok2sbhww7x305kkqkeglb"},"to":{"groupId":"rpoxaee33m28c0tsxtetz44o","blockId":"ynj48sil9w11v684lrdi7tjb"}},{"id":"tmtqy3li1b6clj034o1x7sxl","from":{"blockId":"agutxhyu17359kfzpydrolzh"},"to":{"groupId":"psvmci5nq1hus1xfj8rzbj5v"}},{"id":"iok0i0uu8kgj0zhxyb48pczt","from":{"blockId":"q83kw3vwam8j8rytixv0o6me"},"to":{"groupId":"stkgrblnf9manybd1kwrtils","blockId":"jznd4jehxkwdj6fssqfhapbn"}},{"id":"jgxtzj483ueyflg2lb2ex1fq","from":{"blockId":"ynj48sil9w11v684lrdi7tjb","itemId":"bjltemym36futyvrr3y7iq51"},"to":{"groupId":"o9ik8n5re7i11awlqcqzvawp","blockId":"dtpd2lyrxor8kj8gt9mel7ro"}},{"id":"tpemgg556i66fth9v8wwz3zh","from":{"blockId":"ynj48sil9w11v684lrdi7tjb","itemId":"cxnvxotx6mtn5ngjbkio4dp1"},"to":{"groupId":"e7m2oty5bj0cnfkh8u1mgogy","blockId":"sao8mah2sevjutr6q2e942f9"}},{"id":"rh1awqnvdprvbepmiirs1ugc","from":{"blockId":"mb0e9c9zgqqn549qjkb5kvi5","itemId":"vgkfmyq4so3g1ycojig4qt3c"},"to":{"groupId":"ad13vn2tl1qwp6hefbs3sqry","blockId":"s9b5znkktrxuzaucvayjw1ig"}},{"id":"m8dawwkpyo92uspurw5p63z0","from":{"blockId":"mb0e9c9zgqqn549qjkb5kvi5","itemId":"loeztoqjxkm6vwv7fh3hw8qn"},"to":{"groupId":"odnhwivuxvhq851mbh951mw2"}},{"id":"iz68n7s2qrfzzo7o49gpnctj","from":{"blockId":"jznd4jehxkwdj6fssqfhapbn","itemId":"j4vzufw5xgzjw75w9wfi2ofs"},"to":{"groupId":"b2sd8dyzkn3hdmghhax53o6s"}},{"id":"rdu1xaq8765mbnswvufx6efl","from":{"blockId":"jznd4jehxkwdj6fssqfhapbn","itemId":"fy7dh0az3b0km0nu1b481osh"},"to":{"groupId":"ndkgkzdydu5eqf2flbxet7dd","blockId":"r7x04e2krasui22iz9u67644"}},{"id":"r6767chw1reshgsdqh6bqwda","from":{"blockId":"dtpd2lyrxor8kj8gt9mel7ro"},"to":{"groupId":"g1zodj8musujpu44woqtpgg7"}},{"id":"yhvfms6cneqr53e6u69lcd05","from":{"blockId":"sao8mah2sevjutr6q2e942f9"},"to":{"groupId":"gxr70kedqp6a8bu2on85v6mk","blockId":"yvpjwjiqs4gifomiukwak5pq"}},{"id":"gai3ofbi1ymn19v9mx1bhhji","from":{"blockId":"s9b5znkktrxuzaucvayjw1ig"},"to":{"groupId":"jsze4mwrmih4d92uv71m026j","blockId":"oxsf267ku015czw89hvug1d9"}},{"id":"fiup7xblfarj5tzb89e9xyd6","from":{"blockId":"p4bogxdsbl6817cegjteyasv"},"to":{"groupId":"em6194dy6ei8ug6jn1go4knb","blockId":"e08lwpu9it3ehj52gp2b4onu"}},{"id":"sh2wg84mp0m2dolbrwnv78vv","from":{"blockId":"n5qhrblh97jeb7cvr097ys1q"},"to":{"groupId":"uh151kz9i966to9cvid294qn"}},{"id":"tmx9pl92phnwvcr2sn0bufxi","from":{"blockId":"r7x04e2krasui22iz9u67644"},"to":{"groupId":"svrz6ucvn0nol0mlh1us3sb6"}},{"id":"xzk4apfsgjdxh53sexaaouvb","from":{"blockId":"byfnj1q9joa89lxn99chwu8y"},"to":{"groupId":"wuwqqc6rcxb4assjgiyl3b4w","blockId":"n8hm9g44tl4g2336619xfrht"}},{"id":"m0wauzzms0c84jm1lp8b37xp","from":{"blockId":"oxsf267ku015czw89hvug1d9"},"to":{"groupId":"wuwqqc6rcxb4assjgiyl3b4w","blockId":"n8hm9g44tl4g2336619xfrht"}},{"id":"v364akx65levui9f9c66j4fp","from":{"blockId":"n1ts79g9r9047yhgcjq6iuax"},"to":{"groupId":"wuwqqc6rcxb4assjgiyl3b4w","blockId":"n8hm9g44tl4g2336619xfrht"}},{"id":"nzgnegbidoeflm7tms2x39p5","from":{"blockId":"xl1ahibydhzgvupc4lciz50l"},"to":{"groupId":"k8dkme5wzti62tcr0prexqei","blockId":"wnf8iio3mrj15zabkim5yrqe"}},{"id":"q5p3igbkzu2dqdrp6aa6q1dt","from":{"blockId":"e08lwpu9it3ehj52gp2b4onu"},"to":{"groupId":"re0a7pl8s1gdyefh9jk4dbfr"}},{"id":"e5frro72gnt5qeo7emn0hzhs","from":{"blockId":"yvpjwjiqs4gifomiukwak5pq"},"to":{"groupId":"vch51lab2qq3gzgq2eio2p5h","blockId":"c2l2tggefdrun6hkekpagj90"}},{"id":"jh9rdn8m657rlvdd9me7441s","from":{"blockId":"oadvdvjfy3b1sz2msnv2cx1w"},"to":{"groupId":"djk1x24c93ol6vuanld2pbbm"}},{"id":"sclz7lmsgxrav7ngst49c6h9","from":{"blockId":"xh40zkp5ys13nxblnghk3rtx"},"to":{"groupId":"kqgry569qj5o30l235oinmbo"}},{"id":"iqvu8omdvq3toqk4zzk8aql5","from":{"blockId":"g0xmmncdb4rodtsk3iuraasz"},"to":{"groupId":"fba7fq8q2lawff8agqpw6jlq"}},{"id":"kl7wbuvy2wiza6pcb0cxa41y","from":{"blockId":"lr608nrl108s7oovgaaut8zo","itemId":"n1fezgbtzn1j95160mocyhpx"},"to":{"groupId":"hp49ud69h01wrnudzbxdc76r"}},{"id":"t7lcpapes6p7bhzuvor1ami3","from":{"blockId":"lr608nrl108s7oovgaaut8zo","itemId":"fz4kgn4c191od8ucg7vgym57"},"to":{"groupId":"b71smk6cijyngy9yk5ghv22d"}},{"id":"a5vlfhdcib9in8otq7rtkb3p","from":{"blockId":"lr608nrl108s7oovgaaut8zo","itemId":"b4nwzvpwefn4p6c1tquyma4e"},"to":{"groupId":"io3ajfq2dhvlpnxooaflbk1r","blockId":"vtnaa7rxj6nbzmsr10ncvgf9"}},{"id":"fzmu76mv0nl9nnjoia5v7aip","from":{"blockId":"vtnaa7rxj6nbzmsr10ncvgf9"},"to":{"groupId":"dugp1zgfzjjteks5ovhji3dc"}},{"id":"ixie21dnmupvfocb1o8odgvr","from":{"blockId":"jal5fml7tulne1l7evy0ieh8"},"to":{"groupId":"unpik0pkf2lxykkzcp94uq11","blockId":"y14ohaehfvyyhs8rb01j0ny0"}},{"id":"lhs4n9r6u36bistav1xe0vj8","from":{"blockId":"z56dr4klar7hddwrjbq22gwc"},"to":{"groupId":"wbsof0qbpndp8b31wnwmwp2x","blockId":"d98gl6415ormqvr2rcfm3h65"}},{"id":"nvyqn4vx8r121e7qrbwfd2pg","from":{"blockId":"d98gl6415ormqvr2rcfm3h65"},"to":{"groupId":"cn8n448zdew5ezqxq0m81du1","blockId":"w31t9vqrqizaxuocmzggro0d"}},{"id":"o6dgr61jueljaf06cav8yflr","from":{"blockId":"t0q26pd3w0t92leqyaklto6x"},"to":{"groupId":"v910mjbgnvhc09g6k1x3ra84"}},{"id":"bxncklzq2fuioq4czm01xq6s","from":{"blockId":"y14ohaehfvyyhs8rb01j0ny0"},"to":{"groupId":"d9rwlpgtdh5vuj02347c77in","blockId":"lhmmrf7m8c3fxz2cohikrp3f"}},{"id":"tb1fczjfub2paoj96wbcqotd","from":{"blockId":"w31t9vqrqizaxuocmzggro0d"},"to":{"groupId":"ypa9y29si62v1hut9fhj8fpg"}},{"id":"q9tj9a2akj1wtrr4pensr2q9","from":{"blockId":"cdhel6gtxi1u2bn88cfe8rij"},"to":{"groupId":"frl3rvkphpnue7o0wohrdntl","blockId":"jo5cy0agqyqiaq552763jtuz"}},{"id":"l3xozowqhp6pgh81pldlxjlv","from":{"blockId":"lhmmrf7m8c3fxz2cohikrp3f"},"to":{"groupId":"eo5968wsw6wk9t746fbw0i4o","blockId":"lajqn0wf813jrd55aakojsyg"}},{"id":"j6756l8i9k22c0qu7r3455ro","from":{"blockId":"x7adnchakt4stenywr3eahhs","itemId":"jmb83rend2yi9kox7e3a6m2i"},"to":{"groupId":"iq9mtu7g0cvoq7yps737vu55","blockId":"h3bdzhlt9iw6zwk67ytlhm2h"}},{"id":"q68b96hq1ukc0urw2vjv5w56","from":{"blockId":"x7adnchakt4stenywr3eahhs","itemId":"ygb3pbntbib9ittd1yv7nbev"},"to":{"groupId":"d8zocy5rn3lnvbq79b4m6pc5"}},{"id":"hl2hu5iedbm9de7x52djxtlm","from":{"blockId":"jo5cy0agqyqiaq552763jtuz","itemId":"llqz3hzpxzquc16ehdpj1jc1"},"to":{"groupId":"qwtzrgsifsd7c8uhxpf4y24p","blockId":"vd9zf0mr9p74p5ain1o4d76c"}},{"id":"evh98oujgh9jpzlh18dblp4j","from":{"blockId":"jo5cy0agqyqiaq552763jtuz","itemId":"rvw8r414dy1lx3rxsyhz6uex"},"to":{"groupId":"m4zc44gn0xs9i4tebv9fiuio"}},{"id":"sk2msthli1f0bk345o53nftf","from":{"blockId":"lajqn0wf813jrd55aakojsyg","itemId":"tj83h8swzbe88ldgyxtrnux3"},"to":{"groupId":"nzj2os41z5x2kjcecxc1mr4y","blockId":"t0c20otyre0wxyc78u8pkn0z"}},{"id":"im3oz0nagh50f2mpabk6csds","from":{"blockId":"lajqn0wf813jrd55aakojsyg","itemId":"axreme7tqtl5a09c7xc3uhsk"},"to":{"groupId":"h98dmv8qxw63ofetgo3egnc9"}},{"id":"cwsc67yrvorl4a3pov3rhc35","from":{"blockId":"ab8653wqaq7siht4i7ciw5hl"},"to":{"groupId":"grx1dbhs2o4m66vhep1amz88"}},{"id":"oj4xgi2e7vz7wdz5oorjfy80","from":{"blockId":"t0c20otyre0wxyc78u8pkn0z"},"to":{"groupId":"vrmspnb7s9ppgwnnr8sfcoho"}},{"id":"ypz264tqhk6go010uqxvvxp0","from":{"blockId":"r2rersp0zy27a4qn28srs572"},"to":{"groupId":"pyvaydmb4f0uur9v7s1hopsm","blockId":"csc1w4zikz43pcfwcisustup"}},{"id":"npyqvqwf4f392g4q1s8cwuxn","from":{"blockId":"h3bdzhlt9iw6zwk67ytlhm2h"},"to":{"groupId":"mjmckyeltwcdq6sav1s4mynl","blockId":"rbtzua0kvyn4mgxbxqj3jxo0"}},{"id":"zv6gyvkfrz6bzvw135z16onm","from":{"blockId":"ut9td6mea7mzzskmoltbyexi"},"to":{"groupId":"kbm05x3s03y9ytd1yg11jv5n","blockId":"ee55alj0dsuhikyaazsvqxra"}},{"id":"t2eejbysn17z9ttzholvx55d","from":{"blockId":"vd9zf0mr9p74p5ain1o4d76c"},"to":{"groupId":"icbdvo9vu74qbo7pqs6xoymo","blockId":"zf72bjsixsgfr004pln2vt51"}},{"id":"gav6buvgaa2u2lt082q9pt0x","from":{"blockId":"ee55alj0dsuhikyaazsvqxra"},"to":{"groupId":"fba7fq8q2lawff8agqpw6jlq","blockId":"lr608nrl108s7oovgaaut8zo"}},{"id":"r0228k314sp2rmk2nm9ivx2x","from":{"blockId":"csc1w4zikz43pcfwcisustup"},"to":{"groupId":"fba7fq8q2lawff8agqpw6jlq","blockId":"lr608nrl108s7oovgaaut8zo"}},{"id":"fmbxl2oryajk3fjlt99aidug","from":{"blockId":"mqfeem35q1gcl2tfaalatf6y"},"to":{"groupId":"fba7fq8q2lawff8agqpw6jlq","blockId":"lr608nrl108s7oovgaaut8zo"}},{"id":"ouyk77nyyhed7m8otv6id47w","from":{"blockId":"vmambvpm5apxy9rizjcq7scx"},"to":{"groupId":"mwe8mhhlerh8e4ku0qvztrm2","blockId":"u9mb569sv2mojxl6ufqzjhg3"}},{"id":"g4qpguhrtdmmktd540s5w2lz","from":{"blockId":"fzymeyd2b05b9i8k0zx53tbm"},"to":{"groupId":"rtudcqtdyir9jekt3gd5rcml","blockId":"scjafypsj3r35e75v649zy78"}},{"id":"omjva6s7e4qple6g6u19apct","from":{"blockId":"f69ujygdaohue926x38gzk2w"},"to":{"groupId":"tq1gpx0qsl9qdhkujqtwbo0x"}},{"id":"bwq1eqnjqdkz4nmcbs7vnn55","from":{"blockId":"hhv3jqzpgoc3tlo1d7gpc8e4"},"to":{"groupId":"oqlnwh42iuyra2114umh9kbx","blockId":"f69ujygdaohue926x38gzk2w"}},{"id":"uvn20huz60irrb95jsupgpww","from":{"blockId":"rbtzua0kvyn4mgxbxqj3jxo0"},"to":{"groupId":"tjn35105rkcvf2ytk6qnca2m"}},{"id":"gst5dvyubbsl5d7xfdkoiycg","from":{"blockId":"zf72bjsixsgfr004pln2vt51"},"to":{"groupId":"pz2ikj47dnomymzoiifuvi90"}},{"id":"kypqffk3bbq3dzwnwgwsqdka","from":{"blockId":"tys8k14sdot6sffrxcqde9x4"},"to":{"groupId":"v8ol0zbaxujctedt0i11l00d"}},{"id":"rwz3xdzo09zxj2fa8iohd6s6","from":{"blockId":"acbv958q8b29b26z8a4ux2hs","itemId":"oj6q266cpvl1w63bcaxmx90t"},"to":{"groupId":"g4i8z0ida40m920zlvsb1mk4"}},{"id":"yg0b46via3j7t891efh1z6cn","from":{"blockId":"acbv958q8b29b26z8a4ux2hs","itemId":"ej6hzjn9rydteqhm2vj8kx3m"},"to":{"groupId":"stjdhz5ab2g72rc3any4jswk"}},{"id":"jvxx0br002w3ilvdmilxjj55","from":{"blockId":"gg6bystuomwkdrkh11yo15n9"},"to":{"groupId":"y7nz28krsmt9naws4wjdtmle","blockId":"acbv958q8b29b26z8a4ux2hs"}},{"id":"qtesfpq6xrb69ggl90f4gkne","from":{"blockId":"n5mfprafujcsh87f15e5hz24"},"to":{"groupId":"dt4clnezc4t16ocyvxbwaddv","blockId":"xnl9wvd2aeqwj9s5kmmsr37n"}},{"id":"r5n9ifkipe58ptyw33nog3oc","from":{"blockId":"ph0kt4m8kjz4csg0flxiv6dc"},"to":{"groupId":"mtf73o9fhzq135qo9ey5lkoq","blockId":"gp8ln6qe8ivpaxtahjk8zaow"}},{"id":"v7zia4kditagtxux35lkww5r","from":{"blockId":"gp8ln6qe8ivpaxtahjk8zaow"},"to":{"groupId":"ywsrsgeon1pynhtdssdjozpd","blockId":"uhcalk3vgxk9l249f2ku4723"}},{"id":"g8o2rwi1ncywex1kfiddq3qe","from":{"blockId":"xb4gyd15sy1959gvo7ujztk5"},"to":{"groupId":"clbt07f1pfdloasn6wzhsoui"}},{"id":"ny6q4apybhjeu07a1mb8njxn","from":{"blockId":"w0wutxmtosyyoufo3ytklxim"},"to":{"groupId":"jikf97oiiil7nlw6808k14om","blockId":"zc966xe903ykcqtavvyfbaue"}},{"id":"md3gh5umq6tfjwrt9v8l2zf2","from":{"blockId":"lh9p10z3x9oe1f9v0ckorpju","itemId":"bxils1geh1l4lva9b4n8a3hg"},"to":{"groupId":"yyqxiboavul14kc30sgpwy7w"}},{"id":"iu8c9ycbg44e8sryc5bh3bfh","from":{"blockId":"lh9p10z3x9oe1f9v0ckorpju","itemId":"rqscyc2t0zrgdk1db1965l4n"},"to":{"groupId":"oyktj3d483f7krcm9e2hnfvc","blockId":"xb4gyd15sy1959gvo7ujztk5"}},{"id":"fwwxnsf43hics7zmifirc0re","from":{"blockId":"cuvw7hpuid5bwpxy6e0pzs94","itemId":"eem4kyf56o8pbea0y0vp0u20"},"to":{"groupId":"gns1zgnw0va02xp24zbtqpdr"}},{"id":"e0ha6i2t2wm2wzujcotkh5a1","from":{"blockId":"cuvw7hpuid5bwpxy6e0pzs94","itemId":"n3ivyu95vlovnjajoykp69bs"},"to":{"groupId":"zx1pbea48rw2zwmpibq6xrmq"}},{"id":"klxl9gt6ue11a7okplpfj1s8","from":{"blockId":"reyhzvn07z68s7hkfs4n017n","itemId":"yqxkamu9rvcd6rtc3w4vb318"},"to":{"groupId":"lkzcxs7x748jmz0k0vrzm1p3","blockId":"p1ouq2me1v03juo6aml3bsbw"}},{"id":"kyqurtlwjrjwij7p8p518lrz","from":{"blockId":"reyhzvn07z68s7hkfs4n017n","itemId":"df4gtpi0ukkahzsi6ytnzus6"},"to":{"groupId":"lbj6uien9nvo1pkswzlvakpo"}},{"id":"vw5huiaopq3rnm0u4czi11wd","from":{"blockId":"d4cvqkofipvzt1nqfv5pz59k","itemId":"scc6080owpejmd7wdfxq1fv9"},"to":{"groupId":"onta7qldayon8gl8i2ifh0j2"}},{"id":"dh1tugnhk0j4gkiqg12x620v","from":{"blockId":"d4cvqkofipvzt1nqfv5pz59k","itemId":"td7b8m9yp6utqnd455wdijlo"},"to":{"groupId":"kdekg7saon3tmst28hmss03t"}},{"id":"dqq9ci6zkmyrfr916ewfknaf","from":{"blockId":"kvy6lolzop4k4xy594l562r9"},"to":{"groupId":"lg53dkt64bxjh5hzzsfnbhvu","blockId":"d4cvqkofipvzt1nqfv5pz59k"}},{"id":"zib450m6i221w3muyfo7g1de","from":{"blockId":"efaf2j13snddx12p3nw8maey"},"to":{"groupId":"uvh6thvfwghfs7lu0z37aaab","blockId":"hkx0p08cb334tc9l0bvb2olj"}},{"id":"mzxk9uv21gizvcg9rleoty6z","from":{"blockId":"zwl3xaz0nn1c2dr2ujqsule1"},"to":{"groupId":"mt4unv9sio2hjr60ui00u06n"}},{"id":"pwe012t8sajgtk2osi3smj4w","from":{"blockId":"hkx0p08cb334tc9l0bvb2olj"},"to":{"groupId":"ur3rawaf37i4r4tchv0ioexl","blockId":"reyhzvn07z68s7hkfs4n017n"}},{"id":"lyk0bwrua63dgv2ts9f0llje","from":{"blockId":"bumf469t9f1pntzm0y7c197d"},"to":{"groupId":"bsyec88uh0yrfpmt95lm0uzy","blockId":"an9cpanpapt53br4rloy4hop"}},{"id":"m0aic2h0ldpgfwmz4cq7997n","from":{"blockId":"djkhwxmwqmqczbbh5njees42"},"to":{"groupId":"kptdyteekktllhb9fk1ggkfr","blockId":"wcy0qwezr7qntwudr1mu5ptm"}},{"id":"ze0loi4j72hp1cyjueq146rv","from":{"blockId":"an9cpanpapt53br4rloy4hop"},"to":{"groupId":"wpefpwr6xsizyx4s5qwlgm9g","blockId":"cuvw7hpuid5bwpxy6e0pzs94"}},{"id":"v82g5o8k6fo8jo5st8o335t1","from":{"blockId":"wcy0qwezr7qntwudr1mu5ptm"},"to":{"groupId":"ccuc9441buuawhd3d6ut3wmt","blockId":"lh9p10z3x9oe1f9v0ckorpju"}},{"id":"bph6bf1cq9hscky8d7lklctw","from":{"blockId":"ofqhk8ee0bsvkvgxsjwdaott"},"to":{"groupId":"ywsrsgeon1pynhtdssdjozpd","blockId":"uhcalk3vgxk9l249f2ku4723"}},{"id":"qclum2b2uxn343tnpg30adoy","from":{"blockId":"a9a31extcaz6vibhicfm9vyo"},"to":{"groupId":"ywsrsgeon1pynhtdssdjozpd"}},{"id":"gcpyyy4zelgs9xl0o4yzx773","from":{"blockId":"b013twgh1g752znz0f9rlg1y"},"to":{"groupId":"ywsrsgeon1pynhtdssdjozpd"}},{"id":"eara3jclp35q4mx6yjb3fygs","from":{"blockId":"lbn7w3i4pfzffg13ixubeibb"},"to":{"groupId":"ywsrsgeon1pynhtdssdjozpd"}},{"id":"rsn0oxsnn2pg147kvk2lp8jb","from":{"blockId":"ruh89rhy0q5debouzm5dknav"},"to":{"groupId":"cverf9sff7i0koczwbbflg3w","blockId":"mbn4qqfc95m0tazb0fwx0ktj"}},{"id":"m0zmtc4onkrudyghe55hmxqg","from":{"blockId":"wnf8iio3mrj15zabkim5yrqe"},"to":{"groupId":"qteb6yj115ccwz72p3wyahsf"}},{"id":"yj8r25mktzfdb26jquwivaf1","from":{"blockId":"c2l2tggefdrun6hkekpagj90"},"to":{"groupId":"g22j0ri97dh6t1mwgptyr9co","blockId":"hiet278lfuf6anxzq3zvp3ny"}},{"id":"s5m6mmz8hbg2r03wdwjfvdu6","from":{"blockId":"hiet278lfuf6anxzq3zvp3ny"},"to":{"groupId":"b6wzecxcn6ai08hnisaijfer"}},{"id":"znzv9wn87t08maew25o7n9jt","from":{"blockId":"pomq9wwtcwdosnzoy76c9agn"},"to":{"groupId":"fjlc31o6md2vs9rf4z7cc6fb","blockId":"wninuu5fcjyzf1rg7rbntxzz"}},{"id":"ajr90ceg6s1qhcvntjiqmkic","from":{"blockId":"qaas7zwd57ghkfesr9ji4ftw","itemId":"fsgeumruxlwj0t04npewosof"},"to":{"groupId":"jtgunoteidivxum4frd92rpu"}},{"id":"ehjvaqv5r30szs2iklpq732k","from":{"blockId":"qaas7zwd57ghkfesr9ji4ftw","itemId":"q5nwe0ajkurtouuj0u1jfuef"},"to":{"groupId":"hbqctctgfwrtl4z2zc4rlob7","blockId":"im64wdfhfhvgznswx2ba540e"}},{"id":"pjxsckji2jjvrge8gxi50dcp","from":{"blockId":"txe2xfmsji1qz71h7ifwlmw8","itemId":"usyun8g30pt5b6k32484r69k"},"to":{"groupId":"pdwsg1w0f2vxua1l6jkpkkuz"}},{"id":"uks5p8hnowmxb1ewclglrbx2","from":{"blockId":"txe2xfmsji1qz71h7ifwlmw8","itemId":"g2a5g7x8yf05ik0b1hwv6dvn"},"to":{"groupId":"kq1a28xtylm3hlxtyaea85nf","blockId":"u7l2zm01h6lsbx52urdq416a"}},{"id":"bzsyyj3fttckkf9gyxqvl6d7","from":{"blockId":"wninuu5fcjyzf1rg7rbntxzz","itemId":"oa2go1gh7uto5qgugj2ca63c"},"to":{"groupId":"d8jyfrp5d5g6engmm3va1b4g"}},{"id":"pbaocqabnx2a4pyi9cr3uolz","from":{"blockId":"wninuu5fcjyzf1rg7rbntxzz","itemId":"w7h4lku451tlzfbpb60qs6on"},"to":{"groupId":"by0gt7xgzza6uir53umtut1w","blockId":"k32ntmcnahvc0qmuwfqw2ynt"}},{"id":"wd3braqqfh9f5jzq5tmf74zt","from":{"blockId":"hxvdub4ka11td0b62kr50i5j"},"to":{"groupId":"ywsrsgeon1pynhtdssdjozpd"}},{"id":"h5fn3b1uzdauvq7nrhrj3teb","from":{"blockId":"nae8xzmo6u2v6ur4gb7190ah"},"to":{"groupId":"ywsrsgeon1pynhtdssdjozpd"}},{"id":"iyogq6zvx8aqhhe1f4gab0bo","from":{"blockId":"xs58mp5v2eemy8p9c1neecqy"},"to":{"groupId":"ywsrsgeon1pynhtdssdjozpd"}},{"id":"imnqein2zpvadopdeblfggvl","from":{"blockId":"u7l2zm01h6lsbx52urdq416a"},"to":{"groupId":"hxb63ipuq3847e7czyon6wl2","blockId":"nae8xzmo6u2v6ur4gb7190ah"}},{"id":"ohj84963upucn4xe1puhc8rj","from":{"blockId":"k32ntmcnahvc0qmuwfqw2ynt"},"to":{"groupId":"k1tvdcrlxg6sguzlnvvrnkne","blockId":"hxvdub4ka11td0b62kr50i5j"}},{"id":"rkr9hz0t4g6yw9b1yet18kl7","from":{"blockId":"im64wdfhfhvgznswx2ba540e"},"to":{"groupId":"sr7dd02kk6l1crzv8o1gn9zj","blockId":"xs58mp5v2eemy8p9c1neecqy"}},{"id":"xiyybu9ocu3gxtww6tz8y7xx","from":{"blockId":"y67ppfbqxcrmw6ake907eybb"},"to":{"groupId":"mk9p62x8tw8nqchfu315vwj9"}},{"id":"h4i8vxqmcwbrm05ty5cqoa9o","from":{"blockId":"g4jntb6072is0ohwfs1a8hcl"},"to":{"groupId":"ard0y5zet5ixko6c31533mnn","blockId":"r72g413yxr8pdpr4ytodkf4e"}},{"id":"gv4ch7uyzfg74u99lg8j6z5h","from":{"blockId":"bo3uohj9rs4ph44b43k4mbqb"},"to":{"groupId":"fhtl234zd84zatxw6ufoci5q"}}],"variables":[{"id":"vhxz8iurfzi1zfqiowe98nqq2","name":"Nome"},{"id":"vaxqmbl6xml72sapn1u84ukny","name":"Escolha_Setor"}],"theme":{},"selectedThemeTemplateId":null,"settings":{"general":{"isBrandingEnabled":true}},"createdAt":"2024-03-25T16:11:06.735Z","updatedAt":"2024-04-22T15:57:20.104Z","icon":null,"folderId":null,"publicId":"meu-typebot-dm7993f","customDomain":null,"workspaceId":"clu759lvw001pmhxm2ukxa7cv","resultsTablePreferences":null,"isArchived":false,"isClosed":false,"whatsAppCredentialsId":null,"riskLevel":null}